rank,id,name,author,likes,kind,chars,family,family_conf,core_math,core_math_conf,output,output_conf,market_belief,market_belief_conf,p_repaints,p_pivot_lag,p_uses_volume,p_uses_htf,p_has_alerts,p_atr_scaled,p_ma_crossover,p_divergence,p_session_time,p_many_params
1,PUB;6daafb2cabe6419d98ae25229d2327f8,Smart Money Concepts (SMC) [LuxAlgo],LuxAlgo,170178,study,50278,market_structure_smc,1.0,pivot_swings,1.0,zones_levels,0.72,levels_hold_or_break,0.94,0.93,0.57,0.06,0.98,0.99,0.89,0.35,0.02,0.06,0.87
2,PUB;175,Squeeze Momentum Indicator [LazyBear],LazyBear,116676,study,1333,momentum_oscillator,1.0,normalized_oscillator,0.64,oscillator_reading,0.58,volatility_expansion,0.99,0.39,0.08,0.03,0.02,0.03,0.92,0.17,0.08,0.02,0.03
3,PUB;VfOPXWDHDPhORvJYRTcuHOyeqpOcRR45,SuperTrend,KivancOzbilgic,82585,study,2586,trend_following,1.0,atr_band,1.0,trend_state,0.73,trend_persistence,1.0,0.32,0.09,0.03,0.02,0.99,0.98,0.38,0.02,0.02,0.02
4,PUB;40,MacD Custom Indicator-Multiple Time Frame+All Available Options!,ChrisMoody,82075,study,2842,momentum_oscillator,1.0,moving_average,0.69,oscillator_reading,0.96,trend_persistence,0.97,0.46,0.08,0.02,0.81,0.03,0.02,0.76,0.05,0.03,0.18
5,PUB;NXS6SoOdr880Hrvh9vA36UcAjC14bOkc,Support and Resistance Levels with Breaks [LuxAlgo],LuxAlgo,65080,study,2393,support_resistance_levels,1.0,pivot_swings,1.0,entry_signals,0.4,levels_hold_or_break,0.79,0.57,0.86,0.88,0.02,0.99,0.03,0.54,0.03,0.02,0.02
6,PUB;3a1fb6197f314eb2912194d70934bf7e,Market Structure Break & Order Block by EmreKb,EmreKb,62408,study,8850,market_structure_smc,1.0,pivot_swings,1.0,zones_levels,0.97,levels_hold_or_break,0.95,0.72,0.76,0.03,0.02,0.98,0.06,0.07,0.02,0.02,0.27
7,PUB;1,Indicator: WaveTrend Oscillator [WT],LazyBear,60943,study,786,momentum_oscillator,1.0,normalized_oscillator,0.95,oscillator_reading,1.0,mean_reversion,0.97,0.14,0.1,0.02,0.01,0.02,0.31,0.55,0.07,0.02,0.03
8,PUB;fvKf7ZbacOxo47bpXI9rDSN0npXIk48x,UT Bot Alerts,QuantNomad,59127,study,1822,trend_following,1.0,atr_band,1.0,entry_signals,1.0,trend_persistence,0.97,0.25,0.09,0.03,0.29,0.99,0.97,0.67,0.02,0.02,0.02
9,PUB;d0b8be94f1b042bf9f2cb20f92cefc57,ICT Killzones + Pivots [TFO],tradeforopp,57161,study,65539,support_resistance_levels,0.95,pivot_swings,0.7,zones_levels,0.99,levels_hold_or_break,0.5,0.48,0.18,0.03,0.03,0.96,0.58,0.08,0.02,0.99,0.81
10,PUB;1a32fae03299466690dcdde76d812c78,Trendlines with Breaks [LuxAlgo],LuxAlgo,52566,study,3998,support_resistance_levels,1.0,pivot_swings,1.0,zones_levels,0.41,levels_hold_or_break,0.76,0.83,0.84,0.02,0.02,0.99,0.93,0.22,0.02,0.02,0.06
11,PUB;2187,"Bollinger + RSI, Double Strategy (by ChartArt) v1.1",ChartArt,48514,strategy,2801,mean_reversion_bands,0.66,std_band,0.61,entry_signals,0.98,mean_reversion,0.9,0.56,0.1,0.03,0.01,0.02,0.24,0.76,0.03,0.02,0.03
12,PUB;9xd5ljxt0JLwYqt32Ve0lnIiRC0Yj9Z2,Support Resistance Channels,LonesomeTheBlue,47213,study,9463,support_resistance_levels,1.0,pivot_swings,1.0,zones_levels,0.99,levels_hold_or_break,1.0,0.59,0.82,0.03,0.02,0.98,0.28,0.07,0.01,0.02,0.79
13,PUB;932,ADX and DI,BeikabuOyaji,45311,study,1347,momentum_oscillator,0.95,normalized_oscillator,0.59,oscillator_reading,0.48,trend_persistence,0.99,0.18,0.09,0.02,0.01,0.02,0.09,0.2,0.03,0.01,0.01
14,PUB;ad25fb10941f48b5bc2a44a6784040c6,Support and Resistance (High Volume Boxes) [ChartPrime],ChartPrime,43961,study,7913,support_resistance_levels,0.99,pivot_swings,1.0,zones_levels,0.99,levels_hold_or_break,0.98,0.63,0.74,0.95,0.02,0.03,0.87,0.34,0.02,0.02,0.02
15,PUB;0b06925f650940fba1d8d7c0d8e484dd,Sessions [LuxAlgo],LuxAlgo,41841,study,34440,support_resistance_levels,0.84,model_or_other,0.91,info_dashboard,0.65,time_of_day,0.99,0.29,0.1,0.87,0.03,0.03,0.08,0.07,0.02,0.99,0.72
16,PUB;780e612168be41d5aa300f1c16084130,Liquidity Swings [LuxAlgo],LuxAlgo,40037,study,6965,market_structure_smc,0.95,pivot_swings,1.0,zones_levels,1.0,levels_hold_or_break,1.0,0.6,0.78,0.82,0.85,0.03,0.04,0.26,0.02,0.03,0.39
17,PUB;fVSb3j0I87LvTzPKrQTY5hDUEdsGdnm6,Order Block Finder (Experimental),wugamlo,40029,study,13435,market_structure_smc,1.0,gaps_and_candles,0.97,zones_levels,0.97,levels_hold_or_break,0.7,0.76,0.67,0.03,0.01,0.96,0.03,0.04,0.01,0.04,0.1
18,PUB;7c893384ebc34d83b9f1ec3275e2f002,Order Block Detector [LuxAlgo],LuxAlgo,39516,study,7022,market_structure_smc,1.0,pivot_swings,1.0,zones_levels,0.98,levels_hold_or_break,0.99,0.7,0.7,0.91,0.02,0.99,0.04,0.06,0.02,0.03,0.12
19,PUB;21f5ec5277b24ce6bc8dfc3fdb3eda10,Machine Learning: Lorentzian Classification,jdehorty,36659,study,41972,machine_learning_stats,1.0,model_or_other,1.0,entry_signals,1.0,pattern_recurrence,0.91,0.78,0.26,0.07,0.02,0.99,0.24,0.29,0.07,0.02,0.94
20,PUB;38,Ultimate Moving Average-Multi-TimeFrame-7 MA Types,ChrisMoody,36447,study,2818,trend_following,1.0,moving_average,1.0,trend_state,0.97,trend_persistence,0.99,0.46,0.15,0.35,0.88,0.03,0.02,0.55,0.01,0.03,0.48
21,PUB;6d9015a1d65f4b53acaa7210554c446b,Nadaraya-Watson Envelope [LuxAlgo],LuxAlgo,34769,study,4744,mean_reversion_bands,0.93,std_band,0.95,zones_levels,0.96,mean_reversion,0.93,0.77,0.29,0.03,0.02,0.02,0.56,0.37,0.03,0.02,0.03
22,PUB;1082,Candlestick Patterns Identified (updated 3/11/15),repo32,34676,study,6292,pattern_or_other,1.0,gaps_and_candles,1.0,entry_signals,1.0,pattern_recurrence,0.99,0.42,0.15,0.02,0.02,0.99,0.07,0.04,0.01,0.02,0.1
23,PUB;2835,Fibonacci Bollinger Bands,Rashad,32835,study,1355,mean_reversion_bands,1.0,std_band,0.95,zones_levels,1.0,mean_reversion,0.87,0.14,0.07,0.83,0.01,0.02,0.94,0.19,0.01,0.02,0.03
24,PUB;2004,MACD + SMA 200 Strategy (by ChartArt),ChartArt,31474,strategy,3147,trend_following,0.79,normalized_oscillator,0.59,entry_signals,0.96,trend_persistence,1.0,0.43,0.14,0.02,0.02,0.02,0.04,0.71,0.04,0.02,0.05
25,PUB;8c2d234156044effa75d531d82b247b3,Smart Money Breakout Channels [AlgoAlpha],AlgoAlpha,31033,study,15315,market_structure_smc,0.21,std_band,0.45,zones_levels,0.77,volatility_expansion,0.81,0.53,0.45,0.43,0.42,0.96,0.73,0.57,0.05,0.03,0.36
26,PUB;b74788b7aa7146ecad34c590a001f8a8,Breakout Probability (Expo),Zeiierman,31013,study,8294,support_resistance_levels,0.75,model_or_other,0.88,zones_levels,0.99,levels_hold_or_break,0.71,0.44,0.11,0.02,0.02,0.97,0.04,0.04,0.02,0.02,0.06
27,PUB;84c58fb9947d4713a23d145d97e74d28,Machine Learning Adaptive SuperTrend [AlgoAlpha],AlgoAlpha,30718,study,9348,trend_following,0.58,atr_band,0.94,trend_state,0.79,trend_persistence,0.98,0.45,0.14,0.05,0.02,0.99,0.93,0.44,0.02,0.02,0.2
28,PUB;de59cffec59b4962aafbd56321152fe8,ICT Concepts [LuxAlgo],LuxAlgo,30413,study,51314,market_structure_smc,1.0,pivot_swings,0.98,zones_levels,1.0,levels_hold_or_break,0.93,0.68,0.65,0.09,0.03,0.03,0.83,0.18,0.03,0.99,0.95
29,PUB;5xi4DbWeuIQrU0Fx6ZKiI2odDvIW9q2j,Divergence for Many Indicators v4,LonesomeTheBlue,30222,study,20923,pattern_or_other,0.52,pivot_swings,0.81,entry_signals,0.86,mean_reversion,0.76,0.75,0.47,0.83,0.02,0.99,0.04,0.06,0.96,0.02,0.88
30,PUB;09ebff5ba23c452b89ea82522f2aab35,Buyside & Sellside Liquidity [LuxAlgo],LuxAlgo,29932,study,15005,market_structure_smc,1.0,pivot_swings,0.99,zones_levels,1.0,levels_hold_or_break,1.0,0.61,0.66,0.04,0.03,0.96,0.95,0.11,0.02,0.04,0.45
31,PUB;8f7cafcbf049442c913d0eadb3531263,SuperTrend AI (Clustering) [LuxAlgo],LuxAlgo,29819,study,10102,machine_learning_stats,0.63,atr_band,0.87,trend_state,0.46,trend_persistence,0.99,0.58,0.08,0.03,0.02,0.03,0.95,0.42,0.05,0.02,0.7
32,PUB;2c9c3913a94e4a2ba3ffaa624d76c115,Order Blocks & Breaker Blocks [LuxAlgo],LuxAlgo,29739,study,6954,market_structure_smc,1.0,pivot_swings,1.0,zones_levels,1.0,levels_hold_or_break,0.99,0.64,0.62,0.03,0.02,0.03,0.04,0.12,0.02,0.03,0.05
33,PUB;HN4w1eNW3B9HP5oSa2MNMIHMYUqLPHUT,Pivot Point Supertrend,LonesomeTheBlue,29281,study,3290,trend_following,1.0,atr_band,0.71,trend_state,0.42,trend_persistence,0.8,0.59,0.75,0.02,0.02,0.99,0.97,0.51,0.02,0.02,0.02
34,PUB;2YTE3ybw6dfE6uqf2Dq8xazUWzCUrwXm,Chandelier Exit [everget],everget,29254,study,3455,trend_following,1.0,atr_band,1.0,entry_signals,0.61,trend_persistence,0.98,0.31,0.08,0.02,0.02,0.99,0.98,0.37,0.01,0.02,0.03
35,PUB;svbUudRasDCWzr86ZxLrL2erJrnv0h1x,Support Resistance - Dynamic v2,LonesomeTheBlue,28698,study,7381,support_resistance_levels,1.0,pivot_swings,1.0,zones_levels,0.86,levels_hold_or_break,0.99,0.68,0.78,0.02,0.02,0.99,0.2,0.59,0.01,0.02,0.47
36,PUB;Hug2Ew9Kbt54uj1v6afTSSCd3Zw8iJAg,Trend Lines v2,LonesomeTheBlue,28571,study,4416,support_resistance_levels,1.0,pivot_swings,1.0,zones_levels,0.69,levels_hold_or_break,0.73,0.43,0.8,0.03,0.02,0.02,0.03,0.07,0.02,0.04,0.04
37,PUB;1025,Madrid Moving Average Ribbon,Madrid,28286,study,7651,trend_following,1.0,moving_average,1.0,trend_state,1.0,trend_persistence,1.0,0.25,0.1,0.02,0.02,0.03,0.04,0.42,0.02,0.02,0.12
38,PUB;WzGi7PQBB1HQofcRJ0mq6vxEpIlsHWvw,EMA 20/50/100/200,drsweets,28112,study,271,trend_following,1.0,moving_average,1.0,trend_state,0.98,trend_persistence,1.0,0.14,0.07,0.02,0.01,0.02,0.02,0.36,0.01,0.02,0.03
39,PUB;tBtxZldBRqLI8PulXt2E03wwI3rVDQBO,Breakout Finder,LonesomeTheBlue,27458,study,4866,support_resistance_levels,0.47,pivot_swings,1.0,entry_signals,1.0,levels_hold_or_break,0.57,0.47,0.59,0.03,0.02,0.99,0.12,0.06,0.02,0.02,0.03
40,PUB;128,Volume Flow Indicator [LazyBear],LazyBear,27021,study,1041,volume_based,0.97,volume_aggregation,0.44,oscillator_reading,0.99,volume_confirms,0.5,0.25,0.1,0.97,0.02,0.02,0.87,0.52,0.14,0.02,0.03
41,PUB;ad6964d5ee8b461eaaa38843902fac05,Volume-based Support & Resistance Zones,tommyf1001,26780,study,71438,support_resistance_levels,0.92,pivot_swings,0.99,zones_levels,1.0,levels_hold_or_break,1.0,0.67,0.71,0.97,0.99,0.98,0.04,0.53,0.02,0.03,0.91
42,PUB;131,RSI Candles,glaz,26565,study,587,momentum_oscillator,1.0,normalized_oscillator,1.0,oscillator_reading,0.47,mean_reversion,0.73,0.45,0.08,0.02,0.01,0.02,0.02,0.12,0.03,0.02,0.02
43,PUB;2548e0527235477d8df1bac373300a21,DIY Custom Strategy Builder  [ZP] - v1,zpayab,25954,study,211837,pattern_or_other,0.73,atr_band,0.69,entry_signals,0.93,trend_persistence,0.76,0.95,0.66,0.26,0.93,0.71,0.78,0.71,0.1,0.31,0.96
44,PUB;af8ea2452a8e473089f5a8c3bba0f69f,ICT Killzones Toolkit [LuxAlgo],LuxAlgo,25950,study,27541,market_structure_smc,1.0,pivot_swings,0.67,zones_levels,1.0,time_of_day,0.52,0.62,0.67,0.03,0.14,0.03,0.72,0.14,0.02,0.99,0.86
45,PUB;ff639e15f24646fbaf19ae22ac663140,Fair Value Gap [LuxAlgo],LuxAlgo,25720,study,8563,market_structure_smc,1.0,gaps_and_candles,1.0,zones_levels,0.99,levels_hold_or_break,0.58,0.45,0.45,0.02,0.94,0.99,0.33,0.05,0.02,0.04,0.28
46,PUB;3b17510608ec454b91e79f5af47352f1,Supply and Demand Visible Range [LuxAlgo],LuxAlgo,25670,study,7339,market_structure_smc,0.9,volume_aggregation,0.97,zones_levels,1.0,levels_hold_or_break,0.95,0.69,0.61,0.96,0.76,0.02,0.11,0.1,0.02,0.05,0.59
47,PUB;1675b2b8e313444fa43929cb5157efeb,Order Blocks | Flux Charts,fluxchart,25496,study,21743,market_structure_smc,1.0,pivot_swings,0.99,zones_levels,1.0,levels_hold_or_break,1.0,0.6,0.38,0.93,0.87,0.02,0.88,0.22,0.02,0.04,0.57
48,PUB;aea729456b7a44e09661b70ce9e4e987,Volume Profile / Fixed Range,LonesomeTheBlue,25473,study,5917,volume_based,1.0,volume_aggregation,1.0,zones_levels,1.0,levels_hold_or_break,0.95,0.56,0.21,0.98,0.01,0.02,0.09,0.05,0.01,0.02,0.06
49,PUB;e41b7abd03224b3fb9cf6394c0846ec1,Price Action Smart Money Concepts [BigBeluga],BigBeluga,25439,study,65524,market_structure_smc,1.0,pivot_swings,1.0,zones_levels,0.97,levels_hold_or_break,0.98,0.79,0.75,0.42,0.03,0.03,0.83,0.24,0.03,0.05,0.95
50,PUB;rcRbtoBiKGtjZq96XWjZtnEs2k2dBWaj,SuperTrend STRATEGY,KivancOzbilgic,25287,strategy,3482,trend_following,1.0,atr_band,1.0,trend_state,0.61,trend_persistence,1.0,0.4,0.1,0.03,0.02,0.02,0.97,0.31,0.02,0.31,0.16
51,PUB;X0dKLxdLh46AZbqGl3Bgxb83fo9oWlDe,Volume Profile,kv4coins,24647,study,9632,volume_based,1.0,volume_aggregation,1.0,zones_levels,1.0,levels_hold_or_break,0.98,0.58,0.14,0.98,0.02,0.02,0.04,0.04,0.01,0.03,0.76
52,PUB;uA35GeckoTA2EfgI63SD2WCSmca4njxp,VuManChu Cipher B + Divergences,vumanchu,24594,study,30682,momentum_oscillator,0.99,normalized_oscillator,0.45,entry_signals,0.88,mean_reversion,0.96,0.93,0.63,0.22,0.97,0.99,0.14,0.83,0.94,0.04,0.96
53,PUB;568,CM RSI-2 Strategy Lower Indicator,ChrisMoody,24569,study,953,momentum_oscillator,0.98,normalized_oscillator,0.99,trend_state,0.63,mean_reversion,0.94,0.28,0.06,0.02,0.02,0.02,0.03,0.19,0.04,0.01,0.03
54,PUB;3a423d6669cf449ebf9f9f59ab067ea3,Smart Money Concept [TradingFinder] Major OB + FVG + Liquidity,TradingFinder,24487,study,82318,market_structure_smc,1.0,pivot_swings,1.0,zones_levels,0.98,levels_hold_or_break,1.0,0.8,0.8,0.05,0.03,0.35,0.34,0.34,0.03,0.04,0.95
55,PUB;64decdabc47b41fc9f7bce1d79355f4b,FVG Order Blocks [BigBeluga],BigBeluga,24139,study,6262,market_structure_smc,1.0,gaps_and_candles,1.0,zones_levels,1.0,levels_hold_or_break,0.92,0.33,0.38,0.02,0.02,0.03,0.1,0.05,0.02,0.02,0.04
56,PUB;1288a68576c843079ead5971213cf88f,Pivot Points High Low & Missed Reversal Levels [LuxAlgo],LuxAlgo,23687,study,6762,support_resistance_levels,1.0,pivot_swings,1.0,zones_levels,1.0,levels_hold_or_break,0.98,0.49,0.83,0.02,0.02,0.03,0.04,0.07,0.03,0.02,0.07
57,PUB;2295,WaveTrend with Crosses [LazyBear],lonestar108,23584,study,1061,momentum_oscillator,1.0,normalized_oscillator,0.82,oscillator_reading,0.98,mean_reversion,0.76,0.18,0.17,0.02,0.01,0.02,0.27,0.81,0.06,0.01,0.03
58,PUB;c85c28c18a5649cdbf5f1c62cf4d3e18,Market sessions and Volume profile - By Leviathan,LeviathanCapital,23163,study,18216,volume_based,1.0,volume_aggregation,1.0,zones_levels,1.0,levels_hold_or_break,0.95,0.48,0.16,0.94,0.95,0.02,0.18,0.06,0.02,0.96,0.76
59,PUB;648,CM Stochastic Multi-TimeFrame,ChrisMoody,23019,study,4276,momentum_oscillator,1.0,normalized_oscillator,1.0,oscillator_reading,0.8,mean_reversion,0.98,0.53,0.11,0.03,0.92,0.03,0.02,0.81,0.05,0.03,0.91
60,PUB;zCrz43Vfz0P29jbN45EG7X3ySJ7YRGBs,Price Action - Support & Resistance by DGT,dgtrd,22762,study,37844,volume_based,0.51,volume_aggregation,0.91,zones_levels,1.0,levels_hold_or_break,0.9,0.64,0.23,0.87,0.91,0.98,0.48,0.2,0.02,0.05,0.96
61,PUB;257dbd8cadff432c82aeb9a89ab05dc9,Auto Chart Patterns [Trendoscope®],Trendoscope,22754,study,26217,pattern_or_other,1.0,pivot_swings,1.0,zones_levels,0.57,pattern_recurrence,0.89,0.75,0.65,0.04,0.03,0.92,0.04,0.05,0.02,0.02,0.95
62,PUB;26391b932d3145879b67deca62305c9a,Liquidity Sweeps [LuxAlgo],LuxAlgo,22558,study,5793,market_structure_smc,1.0,pivot_swings,1.0,zones_levels,1.0,levels_hold_or_break,0.99,0.62,0.84,0.03,0.02,0.03,0.04,0.08,0.02,0.02,0.08
63,PUB;tAMed007BRbJ7g7QbaMNgynd1CGusK5b,Hull Suite,InSilico,22347,study,2261,trend_following,1.0,moving_average,1.0,trend_state,0.89,trend_persistence,1.0,0.48,0.25,0.04,0.76,0.99,0.03,0.67,0.01,0.02,0.33
64,PUB;454,CM_Ultimate RSI Multi Time Frame,ChrisMoody,22307,study,2764,momentum_oscillator,1.0,normalized_oscillator,1.0,oscillator_reading,0.93,mean_reversion,0.97,0.52,0.09,0.02,0.91,0.03,0.02,0.49,0.04,0.03,0.67
65,PUB;0289c3686c524422b41ccb01bbdf1bae,Support and Resistance Power Channel [ChartPrime],ChartPrime,22267,study,5317,support_resistance_levels,0.95,pivot_swings,0.43,zones_levels,0.9,levels_hold_or_break,0.95,0.39,0.34,0.03,0.02,0.02,0.29,0.32,0.02,0.02,0.02
66,PUB;NBOLc1UjIKuxR1GvpdezORPeqIhY7FpU,Optimized Trend Tracker,KivancOzbilgic,22109,study,6018,trend_following,1.0,moving_average,0.92,entry_signals,0.37,trend_persistence,0.97,0.67,0.2,0.03,0.02,0.99,0.18,0.84,0.03,0.02,0.29
67,PUB;XnU5RtE4HZzxp4s1anV1LICs5CNFGPqj,Scalping PullBack Tool R1 by JustUncleL,JustUncleL,21766,study,12091,trend_following,0.9,moving_average,0.9,entry_signals,0.99,trend_persistence,0.51,0.79,0.54,0.03,0.57,0.99,0.05,0.7,0.02,0.02,0.8
68,PUB;3d8b91f226af41dfa36df2db1c21ae80,"Volume Profile, Pivot Anchored by DGT",dgtrd,21474,study,29729,volume_based,1.0,volume_aggregation,0.56,zones_levels,1.0,levels_hold_or_break,0.99,0.61,0.88,0.98,0.03,0.97,0.05,0.34,0.02,0.03,0.87
69,PUB;1353,TonyUX EMA Scalper - Buy / Sell,tux,20825,study,668,trend_following,1.0,moving_average,1.0,entry_signals,0.8,trend_persistence,0.77,0.57,0.11,0.02,0.02,0.02,0.03,0.95,0.02,0.03,0.02
70,PUB;TFpVVPsMEJV84zM8wHIBQVCZ79v6beC8,Volume Profile Free Ultra SLI (100 Levels Value Area VWAP) - RRB,RagingRocketBull,20777,study,140603,volume_based,1.0,volume_aggregation,1.0,zones_levels,1.0,levels_hold_or_break,0.95,0.52,0.17,0.97,0.02,0.03,0.17,0.11,0.02,0.05,0.91
71,PUB;6261008975c04663beb94d6baac53a6c,Opening Range with Breakouts & Targets [LuxAlgo],LuxAlgo,20631,study,13712,support_resistance_levels,0.92,model_or_other,0.34,zones_levels,0.39,volatility_expansion,0.85,0.5,0.08,0.16,0.06,0.03,0.11,0.6,0.01,0.97,0.7
72,PUB;1767,"Moving Average Cross Alert, Multi-Timeframe (MTF) (by ChartArt)",ChartArt,20507,study,3240,trend_following,1.0,moving_average,1.0,entry_signals,0.88,trend_persistence,1.0,0.57,0.1,0.02,0.88,0.03,0.02,0.9,0.01,0.02,0.04
73,PUB;1146,MACD 4C,vkno422,20472,study,592,momentum_oscillator,1.0,normalized_oscillator,0.79,trend_state,0.76,trend_persistence,0.99,0.32,0.06,0.02,0.01,0.02,0.02,0.14,0.03,0.01,0.01
74,PUB;nNAlL58KIJqmk5hJ5JFmo3EYKLXKNAcP,Swing Highs/Lows & Candle Patterns [LuxAlgo],LuxAlgo,20414,study,5519,pattern_or_other,0.95,pivot_swings,0.97,entry_signals,0.57,pattern_recurrence,0.63,0.67,0.85,0.02,0.02,0.02,0.04,0.05,0.02,0.02,0.03
75,PUB;557d3223775d4416b60bc712bde31cc5,Support and Resistance Signals MTF [LuxAlgo],LuxAlgo,20340,study,35060,support_resistance_levels,1.0,pivot_swings,1.0,zones_levels,0.96,levels_hold_or_break,1.0,0.63,0.72,0.69,0.07,0.98,0.58,0.11,0.02,0.03,0.65
76,PUB;bJJwSZT5xjKcB1DSFtN3hXQfdb4sEoAu,Turtle Trade Channels Indicator TUTCI,KivancOzbilgic,19994,study,3109,trend_following,0.85,pivot_swings,0.76,entry_signals,0.72,trend_persistence,0.58,0.48,0.12,0.02,0.02,0.03,0.04,0.54,0.02,0.02,0.02
77,PUB;a16471dc85414264a69ccb4121308b9c,Smart Money Structure | GainzAlgo,GainzAlgo,19975,study,28715,market_structure_smc,1.0,pivot_swings,1.0,entry_signals,0.99,levels_hold_or_break,0.56,0.68,0.68,0.88,0.99,0.03,0.95,0.38,0.97,0.03,0.95
78,PUB;Q55lng135i6ifu3s8GxaqloGDawEiTep,RSI Divergence,Shizaru,19748,study,881,momentum_oscillator,1.0,normalized_oscillator,1.0,oscillator_reading,0.99,mean_reversion,0.74,0.25,0.33,0.02,0.02,0.02,0.03,0.2,0.11,0.01,0.02
79,PUB;6da713fee6b24382b151242664028a26,Trendline Breakouts With Targets [ChartPrime],ChartPrime,19667,study,7595,support_resistance_levels,0.95,pivot_swings,0.99,entry_signals,0.85,levels_hold_or_break,0.76,0.61,0.72,0.33,0.02,0.02,0.91,0.55,0.02,0.11,0.05
80,PUB;ut1T8n2nhY3cjgArO4iFqk4n0M9ssI1d,ZigZag++,DevLucem,19624,study,4304,market_structure_smc,0.63,pivot_swings,1.0,entry_signals,0.63,trend_persistence,0.43,0.77,0.75,0.02,0.02,0.99,0.04,0.06,0.02,0.02,0.41
81,PUB;c1dcc1dff3444471bd5d2ee90172efd3,Volume Profile and Volume Indicator by DGT,dgtrd,19617,study,33110,volume_based,1.0,volume_aggregation,1.0,zones_levels,1.0,levels_hold_or_break,0.99,0.7,0.2,0.99,0.79,0.95,0.04,0.45,0.03,0.04,0.93
82,PUB;e435cc35845e4b11ba2da11e03d9d575,Liquidity Pools [LuxAlgo],LuxAlgo,19334,study,12414,market_structure_smc,0.93,pivot_swings,0.79,zones_levels,1.0,levels_hold_or_break,1.0,0.5,0.69,0.94,0.02,0.02,0.04,0.11,0.02,0.03,0.09
83,PUB;216,Indicator: Weis Wave Volume [LazyBear],LazyBear,19074,study,815,volume_based,1.0,volume_aggregation,0.95,trend_state,0.65,volume_confirms,0.66,0.28,0.17,0.98,0.01,0.02,0.03,0.1,0.04,0.02,0.02
84,PUB;68,Ichimoku,HPotter,18871,study,979,trend_following,0.93,moving_average,0.71,trend_state,0.46,trend_persistence,0.94,0.58,0.56,0.02,0.02,0.02,0.04,0.62,0.02,0.02,0.02
85,PUB;0f80bcf05d544d4c98fde06faab1c976,Self-Aware Trend System [WillyAlgoTrader],WillyAlgoTrader,18728,study,82689,trend_following,0.99,atr_band,1.0,entry_signals,0.76,trend_persistence,0.89,0.33,0.51,0.71,0.02,1.0,0.95,0.22,0.06,0.03,0.96
86,PUB;1335,VDUB_BINARY_PRO_3_V2  FINAL + Strategy,vdubus,18339,study,3647,trend_following,0.4,atr_band,0.66,zones_levels,0.89,trend_persistence,0.32,0.79,0.47,0.03,0.95,0.02,0.92,0.38,0.04,0.12,0.76
87,PUB;053c3e6056684debbf14087e237fd109,ICT Turtle Soup | Flux Charts,fluxchart,18272,study,23796,market_structure_smc,0.94,pivot_swings,0.78,entry_signals,1.0,levels_hold_or_break,0.9,0.54,0.27,0.04,0.08,0.99,0.86,0.05,0.02,0.09,0.82
88,PUB;f9af35aecc5d410a8c5eced2aa5417df,CM MACD Custom Indicator - Multiple Time Frame - V2,ChrisMoody,18014,study,8510,momentum_oscillator,1.0,moving_average,0.71,oscillator_reading,0.78,trend_persistence,0.98,0.47,0.07,0.02,0.97,0.98,0.02,0.93,0.03,0.03,0.56
89,PUB;b1702429dc1f4ab0a2cbdf51fd796448,Volume Delta Candles [LuxAlgo],LuxAlgo,17839,study,7788,volume_based,1.0,volume_aggregation,1.0,info_dashboard,0.66,volume_confirms,0.94,0.51,0.08,0.98,0.84,0.02,0.04,0.05,0.03,0.03,0.39
90,PUB;c2e3f3c9aba44ad9b81e1d5d44a45fc2,Elliott Wave [LuxAlgo],LuxAlgo,17542,study,27552,pattern_or_other,0.78,pivot_swings,1.0,entry_signals,0.49,pattern_recurrence,0.46,0.7,0.61,0.03,0.02,0.98,0.06,0.09,0.02,0.03,0.8
91,PUB;32RglIImMggZoS8URUje26840e8Kj8Ac,Divergence for many indicator v3,LonesomeTheBlue,17477,study,14164,pattern_or_other,0.55,pivot_swings,0.92,entry_signals,0.71,mean_reversion,0.89,0.54,0.75,0.86,0.02,0.99,0.03,0.06,0.97,0.02,0.87
92,PUB;590773e703da487c8b26f9df5896238f,Pure Price Action ICT Tools [LuxAlgo],LuxAlgo,17233,study,27945,market_structure_smc,1.0,pivot_swings,0.99,zones_levels,1.0,levels_hold_or_break,1.0,0.7,0.62,0.04,0.04,0.03,0.93,0.36,0.02,0.04,0.88
93,PUB;jiDgL4o6Qxmpn0uOAMy46uK3NBhGDNhx,Linear Regression Channel,LonesomeTheBlue,17221,study,4510,mean_reversion_bands,1.0,std_band,1.0,zones_levels,0.92,trend_persistence,0.27,0.45,0.17,0.02,0.01,0.99,0.6,0.11,0.02,0.02,0.29
94,PUB;smOGfR6p3nRIFHGkaKqbV9wWl8bFcUmA,Fibonacci Extension / Retracement / Pivot Points by DGT,dgtrd,17200,study,49251,support_resistance_levels,1.0,pivot_swings,0.95,zones_levels,1.0,levels_hold_or_break,1.0,0.86,0.81,0.52,0.08,0.99,0.91,0.42,0.02,0.13,0.95
95,PUB;jN9HBNhynFqGOf4KrVcu2d0TU9g0jvGR,PMax Explorer STRATEGY & SCREENER,KivancOzbilgic,17093,strategy,16405,trend_following,0.99,atr_band,0.92,info_dashboard,0.15,trend_persistence,0.9,0.66,0.17,0.11,0.86,0.98,0.96,0.85,0.03,0.15,0.79
96,PUB;0bbbfae33e85414ca82f017c707e7e39,Support Resistance Interactive,LonesomeTheBlue,17073,study,5712,support_resistance_levels,1.0,model_or_other,0.61,zones_levels,1.0,levels_hold_or_break,0.99,0.51,0.08,0.02,0.02,0.98,0.13,0.1,0.01,0.02,0.42
97,PUB;ZytqOjqg7LTtinPoslFgHUVp4BE0tgdZ,SSL Hybrid,Mihkel00,16973,study,17188,trend_following,1.0,moving_average,0.52,entry_signals,0.56,trend_persistence,0.98,0.5,0.09,0.05,0.02,0.99,0.95,0.8,0.03,0.02,0.92
98,PUB;d7eefaf9a1ea4811bb0cbc0c1d9a7334,Zero Lag Trend Signals (MTF) [AlgoAlpha],AlgoAlpha,16958,study,6931,trend_following,0.99,atr_band,0.62,entry_signals,0.77,trend_persistence,1.0,0.6,0.15,0.08,0.99,0.99,0.96,0.8,0.03,0.03,0.15
99,PUB;3KZoMPYziyb4zHtK43htj9OetbgOzDRP,FX Market Sessions,boitoki,16916,study,56033,support_resistance_levels,0.98,model_or_other,0.51,zones_levels,0.91,time_of_day,0.79,0.54,0.2,0.03,0.03,0.99,0.27,0.35,0.02,0.99,0.89
100,PUB;7357271676064ac79e2d95a9608710cf,Reversal Signals [LuxAlgo],LuxAlgo,16722,study,23154,pattern_or_other,0.45,pivot_swings,0.68,entry_signals,0.93,mean_reversion,0.39,0.48,0.42,0.03,0.02,0.98,0.05,0.17,0.04,0.02,0.33
101,PUB;EhBrwQPjZ1cE1oo4D8LLRpWDfSgqyNpC,QQE signals,colinmck,16663,study,1977,momentum_oscillator,0.77,normalized_oscillator,0.57,entry_signals,0.99,trend_persistence,0.72,0.48,0.12,0.02,0.02,0.99,0.79,0.8,0.03,0.02,0.02
102,PUB;XQTKs6HB2yXgpJzqMYoB9or9Q5VREkYA,Trend Direction Helper (ZigZag and S/R and HH/LL labels),Daveatt,16634,study,22293,support_resistance_levels,0.68,pivot_swings,0.63,zones_levels,0.29,levels_hold_or_break,0.55,0.66,0.81,0.03,0.02,0.03,0.57,0.16,0.04,0.04,0.35
103,PUB;d17c8beda13440ffb36a79a5166ec36f,Breaker Blocks with Signals [LuxAlgo],LuxAlgo,16554,study,40642,market_structure_smc,1.0,pivot_swings,0.99,entry_signals,0.58,levels_hold_or_break,0.87,0.74,0.48,0.03,0.02,0.99,0.1,0.4,0.02,0.03,0.78
104,PUB;1505,[RS]Support and Resistance V0,RicardoSantos,16431,study,4767,support_resistance_levels,1.0,pivot_swings,0.93,zones_levels,0.77,levels_hold_or_break,1.0,0.37,0.23,0.02,0.02,0.96,0.08,0.05,0.01,0.02,0.06
105,PUB;V4MsmtCeKst4Jd2u5Umd2lVonBlJJH18,SuperTrend EXPLORER / SCREENER,KivancOzbilgic,16409,study,16731,trend_following,1.0,atr_band,1.0,trend_state,0.57,trend_persistence,0.98,0.52,0.14,0.03,0.9,0.99,0.97,0.36,0.02,0.03,0.59
106,PUB;0df0d45ee6034863bd8ab8d28958e78f,Order Blocks with signals,vuetratrading,16373,study,5179,market_structure_smc,0.99,normalized_oscillator,0.78,zones_levels,0.8,levels_hold_or_break,0.71,0.73,0.57,0.02,0.02,0.96,0.04,0.6,0.04,0.02,0.04
107,PUB;b9cb7df16fe848cf86e443acb35b4a48,Market Structure CHoCH/BOS (Fractal) [LuxAlgo],LuxAlgo,16325,study,6548,market_structure_smc,1.0,pivot_swings,1.0,zones_levels,0.32,levels_hold_or_break,0.66,0.49,0.74,0.03,0.02,0.03,0.03,0.42,0.02,0.02,0.11
108,PUB;ba9f13f5202641d98be870489b624af2,Adaptive Trend Finder (log),Julien_Exe,16281,study,18122,mean_reversion_bands,0.76,std_band,0.98,zones_levels,0.36,trend_persistence,1.0,0.33,0.2,0.03,0.02,0.02,0.6,0.1,0.02,0.03,0.46
109,PUB;r4MVRjtjDcVI3sDa8oVxFyQJELap4dgq,Elliot Wave Oscillator,koryu,16248,study,496,momentum_oscillator,0.99,moving_average,0.52,oscillator_reading,0.95,mean_reversion,0.5,0.16,0.08,0.02,0.01,0.02,0.04,0.5,0.05,0.02,0.02
110,PUB;jNLZBfpYDOA3zFHJXTusK3CD7dbsi4sk,FXN - Asian Session Range,RobMinty,16189,study,65351,support_resistance_levels,1.0,model_or_other,0.57,zones_levels,0.99,volatility_expansion,0.33,0.95,0.18,0.03,0.94,0.98,0.09,0.18,0.01,0.99,0.84
111,PUB;0fb4f1da6e5a439c9b700e54d6e840bf,Volume Profile with Node Detection [LuxAlgo],LuxAlgo,16166,study,40053,volume_based,1.0,volume_aggregation,1.0,zones_levels,1.0,levels_hold_or_break,0.91,0.67,0.63,0.97,0.59,0.03,0.03,0.05,0.02,0.03,0.86
112,PUB;eCVFctFlqpt475hG8Qw7yYA89NxMtSGa,VuManChu Swing Free,Jazal,16015,study,4902,trend_following,0.99,atr_band,0.98,entry_signals,0.99,trend_persistence,0.65,0.52,0.12,0.03,0.02,0.99,0.87,0.36,0.03,0.02,0.02
113,PUB;051560ef7a804ff8b59817575c6b631a,Money Flow Profile [LuxAlgo],LuxAlgo,15765,study,16278,volume_based,1.0,volume_aggregation,1.0,zones_levels,0.99,levels_hold_or_break,0.95,0.46,0.17,0.9,0.03,0.04,0.03,0.07,0.03,0.04,0.76
114,PUB;92ff5628d7c643419a350022e0e3866c,Trend Targets [AlgoAlpha],AlgoAlpha,15762,study,10957,trend_following,1.0,atr_band,0.81,entry_signals,0.4,trend_persistence,0.99,0.44,0.19,0.03,0.02,0.99,0.96,0.82,0.02,0.02,0.8
115,PUB;385,CM_RSI Plus EMA,ChrisMoody,15754,study,894,momentum_oscillator,1.0,normalized_oscillator,0.99,oscillator_reading,1.0,mean_reversion,0.84,0.21,0.07,0.02,0.01,0.02,0.03,0.43,0.04,0.02,0.02
116,PUB;e0b0f14afbd340a9ba21c909382ded51,ICT Unicorn Model [LuxAlgo],LuxAlgo,15718,study,19260,market_structure_smc,1.0,pivot_swings,0.89,zones_levels,0.71,levels_hold_or_break,0.8,0.61,0.69,0.03,0.02,0.03,0.69,0.09,0.02,0.03,0.21
117,PUB;e77a7e595ef04d0bab233736e5c1f6ff,Dynamic Swing Anchored VWAP (Zeiierman),Zeiierman,15571,study,5658,volume_based,0.41,pivot_swings,0.68,zones_levels,0.63,levels_hold_or_break,0.49,0.45,0.22,0.99,0.02,0.02,0.86,0.1,0.02,0.02,0.08
118,PUB;ckgSq3I4CYTbgGF4qcBx8hRXOWpX8LuB,RSI cyclic smoothed v2,StockMarketCycles,15535,study,2800,momentum_oscillator,0.98,normalized_oscillator,1.0,oscillator_reading,0.71,mean_reversion,0.88,0.3,0.28,0.02,0.02,0.02,0.09,0.18,0.06,0.02,0.04
119,PUB;12,Indicator: OBV Oscillator,LazyBear,15424,study,501,volume_based,0.8,volume_aggregation,0.69,oscillator_reading,0.93,mean_reversion,0.43,0.18,0.07,0.98,0.01,0.02,0.04,0.39,0.06,0.02,0.02
120,PUB;664,CM Enhanced Ichimoku Cloud V5,ChrisMoody,15416,study,4096,trend_following,0.98,moving_average,0.85,trend_state,0.49,trend_persistence,0.97,0.67,0.24,0.02,0.02,0.02,0.03,0.72,0.02,0.02,0.1
121,PUB;92a018ea21ef4b9886e810a7fea6968d,Buy Sell Signal,kelfry98,15322,study,12558,trend_following,1.0,moving_average,1.0,entry_signals,1.0,trend_persistence,1.0,0.65,0.07,0.02,0.02,0.99,0.89,0.8,0.02,0.02,0.3
122,PUB;20b9660667c143369e13b53d89a0c67f,Inversion Fair Value Gaps (IFVG) [LuxAlgo],LuxAlgo,15208,study,7951,market_structure_smc,1.0,gaps_and_candles,1.0,entry_signals,0.79,levels_hold_or_break,0.62,0.6,0.5,0.03,0.02,0.99,0.93,0.12,0.02,0.02,0.03
123,PUB;fbe4ec4522ff4210b7940afba74e3264,Range Detector [LuxAlgo],LuxAlgo,15130,study,3012,trend_following,0.34,atr_band,0.99,zones_levels,0.86,levels_hold_or_break,0.37,0.54,0.4,0.02,0.02,0.02,0.95,0.12,0.02,0.02,0.03
124,PUB;3f7f79bd53864ad6a74bc481864b43bf,DTFX Algo Zones [LuxAlgo],LuxAlgo,15035,study,10353,market_structure_smc,0.99,pivot_swings,1.0,zones_levels,1.0,levels_hold_or_break,0.94,0.69,0.65,0.02,0.02,0.03,0.04,0.41,0.02,0.02,0.76
125,PUB;GbSwoHiYq2ebkdWF46lbkPjaOtMGE4aQ,Candlestick Trend Indicator v0.5 by JustUncleL,JustUncleL,15024,study,14317,pattern_or_other,0.83,moving_average,0.69,entry_signals,0.93,pattern_recurrence,0.75,0.68,0.38,0.25,0.02,0.99,0.06,0.2,0.04,0.02,0.96
126,PUB;bec7ff8410ee4efd8637045bf0425bc1,Support Resistance Channels/Zones Multi Time Frame,LonesomeTheBlue,14963,study,10981,support_resistance_levels,1.0,pivot_swings,1.0,zones_levels,1.0,levels_hold_or_break,1.0,0.95,0.77,0.03,0.99,0.98,0.25,0.08,0.01,0.03,0.39
127,PUB;63089ae49dba4c1283a5171e015e2608,ICT Silver Bullet [LuxAlgo],LuxAlgo,14870,study,24377,market_structure_smc,1.0,gaps_and_candles,0.57,zones_levels,0.98,time_of_day,0.44,0.69,0.72,0.04,0.04,0.03,0.1,0.08,0.03,0.99,0.5
128,PUB;285cd9fa6f8941a69bdef37cf54ef6dc,Smart Money Concepts Probability (Expo),Zeiierman,14863,study,11562,market_structure_smc,0.97,pivot_swings,0.99,info_dashboard,0.71,levels_hold_or_break,0.7,0.73,0.67,0.03,0.02,0.96,0.06,0.16,0.02,0.03,0.31
129,PUB;p6LLNvabNCx9xxBVh43i5UtOrXQYEySv,Hull Suite Strategy,DashTrader,14791,strategy,3207,trend_following,0.99,moving_average,1.0,entry_signals,0.83,trend_persistence,1.0,0.48,0.14,0.06,0.02,0.02,0.03,0.5,0.02,0.04,0.38
130,PUB;82972b0838ee45269379704f9b433b3c,Fibonacci Confluence Toolkit [LuxAlgo],LuxAlgo,14651,study,20059,market_structure_smc,0.98,pivot_swings,0.98,zones_levels,0.98,levels_hold_or_break,0.92,0.6,0.46,0.03,0.02,0.03,0.12,0.19,0.02,0.03,0.84
131,PUB;kWRFasqqymAq56dUJNmDbMqN55wBFWPa,Simple Moving Averages,stocksinboxx,14621,study,1928,trend_following,1.0,moving_average,1.0,trend_state,0.89,trend_persistence,0.96,0.1,0.05,0.02,0.01,0.01,0.01,0.34,0.01,0.01,0.76
132,PUB;d8ac464cee1948a7a8ba67eaf8c01dc7,Linear Regression Oscillator [ChartPrime],ChartPrime,14403,study,8000,momentum_oscillator,0.88,normalized_oscillator,0.95,oscillator_reading,0.94,mean_reversion,0.99,0.63,0.19,0.02,0.01,0.03,0.11,0.62,0.09,0.02,0.03
133,PUB;1581,Moving Average Colored EMA/SMA,repo32,14373,study,724,trend_following,1.0,moving_average,1.0,trend_state,1.0,trend_persistence,1.0,0.3,0.06,0.02,0.01,0.02,0.02,0.08,0.01,0.01,0.02
134,PUB;885ed18fe2c14353ae57ef73235be4da,Market Sessions - By Leviathan,LeviathanCapital,14291,study,27813,support_resistance_levels,0.97,model_or_other,0.96,zones_levels,0.88,time_of_day,0.98,0.43,0.09,0.03,0.03,0.99,0.03,0.04,0.02,0.99,0.78
135,PUB;TfrUjDEBUT7M7cNaUcJOBmhkoI0Syx58,Buy&Sell Strategy depends on AO+Stoch+RSI+ATR by SerdarYILMAZ,SerdarYILMAZ,14218,strategy,1939,momentum_oscillator,0.5,normalized_oscillator,0.99,entry_signals,0.99,mean_reversion,0.77,0.32,0.12,0.04,0.01,0.02,0.31,0.09,0.03,0.02,0.09
136,PUB;65cb6743381a42b5920a6cf523579644,Range Filter Buy and Sell 5min - guikroth version,PHVNTOM_TRADER,14203,study,4706,trend_following,1.0,atr_band,0.98,entry_signals,0.97,trend_persistence,0.93,0.47,0.09,0.02,0.02,0.99,0.66,0.36,0.03,0.02,0.02
137,PUB;075b5a573ea1404981410246807a1f90,Pivot Points High Low Multi Time Frame,LonesomeTheBlue,14078,study,3458,support_resistance_levels,1.0,pivot_swings,1.0,zones_levels,0.97,levels_hold_or_break,1.0,0.96,0.77,0.02,0.98,0.02,0.15,0.04,0.01,0.04,0.05
138,PUB;ra5bW3NfCYBvMNBUfDZ94xAyTn6f3Ae6,UT Bot ,Yo_adriiiiaan,14039,study,1673,trend_following,1.0,atr_band,1.0,entry_signals,0.99,trend_persistence,0.92,0.5,0.09,0.02,0.02,0.99,0.97,0.82,0.02,0.02,0.02
139,PUB;2741,VWAP Stdev Bands v2 Mod,TheYangGuizi,13990,study,2902,mean_reversion_bands,1.0,std_band,1.0,zones_levels,1.0,mean_reversion,0.95,0.3,0.09,0.98,0.81,0.02,0.49,0.12,0.02,0.67,0.75
140,PUB;129,MACD Crossover,HPotter,13948,study,2341,momentum_oscillator,0.89,moving_average,0.64,trend_state,0.39,trend_persistence,0.99,0.47,0.07,0.02,0.01,0.02,0.02,0.83,0.03,0.02,0.01
141,PUB;WDTgkTfs2ef2dOLptwW5Ch4WYZoNlmq5,Ripster EMA Clouds,ripster47,13890,study,5592,trend_following,1.0,moving_average,1.0,trend_state,1.0,trend_persistence,0.99,0.34,0.09,0.02,0.02,0.03,0.02,0.5,0.01,0.02,0.89
142,PUB;c253c72883e54fa09bc0844873b26840,Zig Zag Channels [LuxAlgo],LuxAlgo,13840,study,4552,support_resistance_levels,0.55,pivot_swings,0.97,zones_levels,0.85,levels_hold_or_break,0.5,0.64,0.65,0.02,0.02,0.02,0.04,0.17,0.03,0.02,0.04
143,PUB;ZGFHCMyX9M60JbFJrfsgxUjGrUYtSlLg,QQE MOD,Mihkel00,13819,study,4856,momentum_oscillator,0.79,normalized_oscillator,0.59,trend_state,0.33,trend_persistence,0.77,0.47,0.12,0.03,0.02,0.98,0.67,0.75,0.03,0.02,0.62
144,PUB;O0IBYAX4gFX9A3lcV3VQkjiBSqjRGFvp,Volume Profile [LuxAlgo],LuxAlgo,13718,study,6978,volume_based,1.0,volume_aggregation,1.0,zones_levels,0.99,levels_hold_or_break,0.96,0.41,0.25,0.97,0.02,0.03,0.04,0.06,0.02,0.03,0.16
145,PUB;427926d08fa04164bef1aef650df97ea,RSI (Kernel Optimized) | Flux Charts,fluxchart,13656,study,14712,machine_learning_stats,0.65,model_or_other,0.53,entry_signals,0.97,levels_hold_or_break,0.35,0.39,0.57,0.03,0.02,0.99,0.04,0.16,0.07,0.02,0.78
146,PUB;dd048626775f4320945bb6cef5bad0cf,Support and Resistance (MTF) | Flux Charts,fluxchart,13521,study,24707,support_resistance_levels,1.0,pivot_swings,1.0,zones_levels,1.0,levels_hold_or_break,1.0,0.69,0.75,0.69,0.98,0.99,0.8,0.05,0.01,0.03,0.82
147,PUB;RHEhVHNx6ddM4oMFGNHNBIO8LUAHQSJ9,Fibonacci levels,raymond_red_reddington,13518,study,1463,support_resistance_levels,0.35,std_band,0.61,zones_levels,0.85,levels_hold_or_break,0.39,0.38,0.28,0.02,0.02,0.02,0.87,0.15,0.04,0.02,0.02
148,PUB;e21fb87fa9a640efad4df9c37f1bb440,Volume Orderbook (Expo),Zeiierman,13500,study,4411,volume_based,0.98,volume_aggregation,1.0,zones_levels,0.49,levels_hold_or_break,0.95,0.48,0.12,0.96,0.02,0.02,0.09,0.04,0.02,0.02,0.04
149,PUB;nlyrgnVJ8Zrisan2g01Sfv5x9RBKvpPL,SuperTrend [everget],everget,13458,study,3683,trend_following,1.0,atr_band,1.0,trend_state,0.54,trend_persistence,1.0,0.37,0.08,0.02,0.01,0.99,0.98,0.29,0.02,0.02,0.03
150,PUB;iRcDB7kRWkfRDqo92l5AN0C9zeCVHGXh,Three Moving Averages [AdventTrading],AdventTrading,13436,study,837,trend_following,1.0,moving_average,1.0,trend_state,0.96,trend_persistence,1.0,0.21,0.07,0.02,0.02,0.02,0.02,0.5,0.01,0.02,0.05
