id,name,author,likes,chars,kind,kind_conf,or_length,or_length_conf,session,session_conf,entry,entry_conf,stop,stop_conf,target,target_conf,f_vwap,f_ma_trend,f_htf_trend,f_volume,f_range_size,f_rsi_momentum,f_prior_levels,f_gap,f_time_window,x_breakeven,x_partial,x_second_trade,x_eod_exit
PUB;6261008975c04663beb94d6baac53a6c,Opening Range with Breakouts & Targets [LuxAlgo],LuxAlgo,20612,13712,signals,0.97,30m,0.99,ny_0930,0.82,close,0.77,none,0.99,range_multiple,0.93,0.03,0.07,0.46,0.03,0.08,0.03,0.15,0.05,0.27,0.03,0.45,0.58,0.03
PUB;d51310cecb9d406bbd144b864297c28a,ORB Algo | Flux Charts,fluxchart,16369,26278,signals,0.99,30m,0.99,ny_0930,0.81,retest,0.71,midpoint,0.98,atr_or_fixed,0.68,0.03,0.25,0.03,0.03,0.05,0.03,0.05,0.05,0.19,0.72,0.87,0.35,0.44
PUB;xLXe22qQZCUf4xebZCMXNXcO4D7zY8J5,ORB - Opening Range Breakout,zzzcrypto123,11621,932,other,0.47,5m,0.88,india,0.85,none,0.9,none,1.0,none,1.0,0.02,0.01,0.02,0.03,0.04,0.02,0.03,0.03,0.5,0.02,0.01,0.28,0.03
PUB;190,Opening Range Breakout with 2 Profit Targets.,ChrisMoody,10067,4869,levels,0.56,60m,0.96,ny_0930,0.64,touch,0.56,none,0.99,range_multiple,0.99,0.02,0.02,0.04,0.03,0.04,0.02,0.07,0.03,0.54,0.04,0.55,0.39,0.04
PUB;ccc1c01351094ad0b42e46e285b501d5,Ultimate Opening Range Breakout [LuxAlgo],LuxAlgo,9789,25787,signals,0.99,30m,0.99,ny_0930,0.99,close,0.79,atr,0.94,trailing,0.53,0.02,0.02,0.03,0.06,0.05,0.03,0.06,0.05,0.82,0.87,0.15,0.7,0.39
PUB;93fda84e16744b71b1fd91914a18c84f,Initial Balance Breakout Signals [LuxAlgo],LuxAlgo,7663,18863,signals,0.83,60m,0.98,futures_other,0.46,close,0.88,none,0.98,none,0.41,0.02,0.02,0.02,0.04,0.06,0.03,0.29,0.1,0.3,0.03,0.05,0.6,0.03
PUB;b6e737e8888d4aff8496a7c2ddf5a93d,Luxy BIG beautiful Dynamic ORB,orenluxy,6205,190549,signals,0.99,other,0.85,ny_0930,0.99,close,1.0,atr,0.98,r_multiple,0.69,0.29,0.8,0.39,0.25,0.08,0.06,0.66,0.22,0.25,0.05,0.85,0.89,0.2
PUB;03a2f6e0774a45268d4f0be994768ada,ORB with Price Targets,getthatcashmoney,4377,16717,signals,0.99,15m,1.0,ny_0930,1.0,close,0.74,none,0.99,range_multiple,0.94,0.02,0.02,0.02,0.04,0.05,0.02,0.12,0.04,0.21,0.02,0.16,0.63,0.02
PUB;3ff027b1d38549b6a621e83c571deed3,Timely Opening Range Breakout Strategy [TORB] (Zeiierman),Zeiierman,3270,8836,signals,0.98,60m,0.98,configurable_other,0.66,close,0.98,none,1.0,none,1.0,0.03,0.35,0.02,0.76,0.08,0.04,0.04,0.04,0.42,0.02,0.02,0.67,0.03
PUB;39308cf4e3074c65b21dcfeeeda699f6,Basic ORB [MOT],TheBigDaddyMax,3035,5205,levels,0.94,15m,0.99,ny_0930,1.0,none,1.0,none,0.99,none,0.97,0.02,0.02,0.09,0.03,0.06,0.02,0.49,0.04,0.39,0.02,0.02,0.2,0.03
PUB;43,New Indicator!!! Opening Range_V1,ChrisMoody,2712,1435,other,0.54,60m,0.95,configurable_other,0.57,none,0.96,none,0.87,none,0.97,0.02,0.02,0.08,0.04,0.05,0.02,0.28,0.04,0.11,0.05,0.03,0.2,0.03
PUB;kw729r9EvFAXOZKoxfNnkUE6alHIoMaK,ORB 15 Min By EquityDurai,equitydurai81,2585,733,other,0.65,15m,0.7,ny_0930,0.37,none,0.77,none,0.74,none,0.7,0.03,0.03,0.11,0.05,0.06,0.03,0.31,0.04,0.19,0.06,0.04,0.19,0.05
PUB;f3456e5edaca4d669c0e975b47548cc7,Opening Range Breakout with Price Targets,TradeSeekers,2412,18412,signals,0.99,15m,0.99,ny_0930,1.0,close,0.66,none,0.98,range_multiple,0.94,0.02,0.02,0.02,0.03,0.04,0.02,0.2,0.04,0.14,0.02,0.1,0.62,0.02
PUB;779b5375efb049f2960a296e6abfe9d6,QuantCrawler ORB Break & Retest 15m - Opening Range Strategy,QuantCrawler,2410,6621,signals,0.99,15m,0.99,configurable_other,0.77,retest,0.98,none,0.98,none,0.96,0.03,0.02,0.03,0.03,0.05,0.02,0.12,0.03,0.93,0.03,0.02,0.83,0.05
PUB;3c73f7c980e34ac687cd419346e058c3,ORB Heikin Ashi SPY 5min Correlation Strategy,exlux,2357,3396,strategy,0.98,30m,0.83,ny_0930,0.99,close,0.88,none,1.0,session_end,0.99,0.02,0.02,0.04,0.96,0.06,0.03,0.07,0.04,0.83,0.02,0.03,0.69,0.94
PUB;dbf1d26d1a1d44c3ac83d2231e0c0fbd,ORB - Opening Range Breakout + Alerts,VeroTradeX,2166,5188,signals,0.98,15m,1.0,ny_0930,1.0,close,0.99,none,1.0,none,1.0,0.02,0.02,0.02,0.03,0.08,0.02,0.03,0.03,0.35,0.02,0.02,0.17,0.04
PUB;52d9ea1a00644ec9a890a250aedb1396,ORB with ATR Trailing SL [Bluechip Algos],BlueChip_Algos,2078,3813,signals,0.41,5m,0.86,india,0.98,close,0.97,atr,0.95,trailing,0.85,0.02,0.03,0.17,0.03,0.05,0.02,0.08,0.04,0.23,0.72,0.03,0.15,0.04
PUB;514,CM Opening Range-Asia and Europe Session,ChrisMoody,1967,4776,levels,0.38,other,0.99,configurable_other,0.22,touch,0.5,none,0.98,range_multiple,1.0,0.02,0.02,0.07,0.03,0.05,0.02,0.25,0.03,0.53,0.04,0.58,0.37,0.04
PUB;dhhZpRziil5IJFTRKJ9EreGYgVz2rHr8,Opening Range Breakout Lines,tretgothacks,1809,2299,signals,0.91,first_bar,0.82,futures_other,0.77,close,0.95,none,0.92,none,0.95,0.02,0.02,0.27,0.03,0.07,0.02,0.09,0.22,0.25,0.02,0.02,0.72,0.03
PUB;d1ba8d79b50041b78ce055bb89e95709,Opening Range & Prior Day High/Low [Gorb],GorbAlgo,1808,5234,levels,0.97,15m,1.0,ny_0930,1.0,none,0.96,none,1.0,none,0.98,0.02,0.02,0.04,0.03,0.04,0.02,0.69,0.04,0.32,0.02,0.02,0.23,0.03
PUB;f150475290634bf69684ce8a27fa26bd,Orb breakout ,Shauryam_or,1784,3524,signals,0.96,15m,0.28,india,0.45,close,0.8,none,0.98,none,1.0,0.02,0.02,0.03,0.03,0.04,0.02,0.08,0.03,0.25,0.02,0.02,0.6,0.03
PUB;879afe4eb39344b0a8541aeb7013681f,Michigandolf's 30min Opening Range,Michigandolf,1737,2278,other,0.34,30m,1.0,ny_0930,1.0,none,1.0,none,0.98,none,1.0,0.02,0.02,0.02,0.04,0.03,0.02,0.18,0.03,0.13,0.02,0.02,0.18,0.03
PUB;c4da5d3ef2804c829d7b9bf8c396b992,Opening Range + Session Windows + Volume Profile,WealthLearn,1515,50533,signals,0.99,15m,0.99,ny_0930,1.0,close,0.84,none,0.99,none,1.0,0.02,0.05,0.03,0.22,0.06,0.1,0.45,0.09,0.11,0.02,0.04,0.41,0.02
PUB;54d43bcc2d9c422cadfb9968c3047607,Opening Range Fibonaccis,colejustice,1467,27744,levels,1.0,30m,1.0,ny_0930,1.0,none,1.0,none,0.99,none,0.61,0.01,0.01,0.05,0.03,0.03,0.02,0.11,0.08,0.06,0.02,0.05,0.18,0.01
PUB;ac91c0a122cf4456879c69e6720ca93f,Opening Range Gaps [TFO],tradeforopp,1415,4854,levels,0.92,other,0.85,ny_0930,0.24,none,1.0,none,0.99,none,0.98,0.02,0.02,0.03,0.03,0.06,0.02,0.32,0.73,0.22,0.02,0.09,0.15,0.02
PUB;c2ff72922f444595aa347951293bcfb9,ORB with Range Context,VishalSubandh,1321,14842,signals,1.0,5m,0.98,india,1.0,close,0.98,none,0.99,range_multiple,0.99,0.02,0.02,0.02,0.03,0.07,0.02,0.04,0.04,0.12,0.02,0.28,0.15,0.02
PUB;3f92e83858d3400287a9c7eda40d7e37,ORB Strategy [LuciTech],TradesLuci,1251,22616,strategy,1.0,15m,0.99,ny_0930,1.0,close,0.96,atr,0.98,r_multiple,1.0,0.02,0.03,0.05,0.24,0.05,0.03,0.28,0.04,0.82,0.92,0.04,0.69,0.05
PUB;hv2oKnTlVJgFqV1VS2YukLTbnRfgxxUX,ORB Current Timeframe,SushilKothawade,1148,331,other,0.88,other,0.45,configurable_other,0.34,none,0.96,none,0.98,none,1.0,0.02,0.02,0.05,0.03,0.04,0.01,0.32,0.03,0.03,0.02,0.02,0.19,0.02
PUB;50f2bade652f495fbc1b0a0f6b2d4e94,NY 5m & 15m Orb - Statistics & LTF Candle structure,lucymatos,1095,58873,levels,0.94,other,0.9,ny_0930,1.0,none,0.6,none,0.95,range_multiple,0.62,0.02,0.02,0.04,0.03,0.05,0.02,0.04,0.06,0.17,0.03,0.09,0.17,0.03
PUB;2484,[RS]Open Range Breakout V3,RicardoSantos,1087,2519,levels,0.91,60m,0.9,configurable_other,0.47,none,0.78,none,0.89,none,0.79,0.02,0.03,0.14,0.03,0.16,0.03,0.13,0.06,0.48,0.04,0.03,0.42,0.06
PUB;042ebe893ae249baacc095f74bd33b15,"Gold ORB Strategy (15-min Range, 5-min Entry)",krypson,1077,3358,strategy,1.0,other,0.95,london_asia,0.89,close,0.99,opposite_side,0.56,range_multiple,0.49,0.02,0.02,0.03,0.03,0.06,0.02,0.06,0.03,0.96,0.03,0.03,0.86,0.1
PUB;d138c890092449d6b46b458750eb532f,Open Range Breakout (ORB) with Alerts,ChartsAlgo,1041,3845,signals,1.0,15m,1.0,ny_0930,1.0,close,1.0,none,1.0,none,1.0,0.02,0.01,0.02,0.03,0.03,0.02,0.11,0.03,0.15,0.01,0.03,0.77,0.02
PUB;702af68ab1b74557ad96a39a538fd2d7,"ORB With Buffer, Target & Stop Loss",Tamil_FNO_Trader,1019,3100,levels,0.85,other,0.45,india,0.66,none,0.67,fixed,0.86,atr_or_fixed,0.95,0.02,0.01,0.05,0.03,0.05,0.02,0.55,0.21,0.05,0.03,0.03,0.32,0.03
PUB;333f294bacd74ea79cc23b5b9f89f612,ORB + Fib Breakout Signals 1.0,chadsingh,1018,5136,signals,1.0,15m,0.99,futures_other,0.93,close,1.0,none,1.0,range_multiple,0.46,0.02,0.02,0.02,0.02,0.04,0.02,0.03,0.03,0.47,0.02,0.05,0.46,0.03
PUB;fde24daccb3047c98048fed62431ba1d,ORB Engine | ANONYCRYPTOUS,Anonycryptous,1006,58996,signals,0.98,15m,0.96,configurable_other,0.37,retest,0.98,opposite_side,0.53,r_multiple,1.0,0.03,0.04,0.03,0.95,0.05,0.04,0.25,0.04,0.73,0.03,0.51,0.74,0.04
PUB;38d92abcf1f849c59e4dcc5969a96706,ORB Breakouts with alerts,row004,913,12381,signals,0.99,15m,0.9,configurable_other,0.64,close,0.92,none,0.99,range_multiple,0.92,0.02,0.01,0.02,0.03,0.05,0.02,0.18,0.03,0.45,0.02,0.51,0.3,0.03
PUB;88ecbc7308e04042b5c0883126b157b5,ORB SESSIONS,VONKAR,896,133441,strategy,1.0,15m,0.97,configurable_other,0.37,close,0.99,opposite_side,1.0,r_multiple,1.0,0.03,0.02,0.03,0.04,0.06,0.03,0.14,0.05,0.67,0.96,0.98,0.89,0.95
PUB;d457982d68f946eaaffb14680886c241,NTrades [ORBDD Advanced] - Working,Nishann,896,25796,signals,0.96,15m,0.99,ny_0930,1.0,retest,0.84,midpoint,1.0,r_multiple,1.0,0.02,0.9,0.94,0.18,0.28,0.04,0.81,0.05,0.96,0.03,0.04,0.65,0.86
PUB;988cd36687f94fabb93bec6ad5c26a6e,Pivot Points + Day First Candle Breakout + VWAP + Supertrend ,rupatil,860,37166,signals,0.94,15m,0.99,configurable_other,0.4,close,0.42,none,0.87,none,0.73,0.08,0.79,0.17,0.08,0.07,0.96,0.79,0.07,0.07,0.08,0.05,0.6,0.03
PUB;044b5c17101c4834857cd3ca17e8d198,Opening Range Gap + Std Dev [starclique],fytte,859,4411,levels,0.95,other,0.5,ny_0930,0.81,none,1.0,none,0.98,none,0.89,0.02,0.02,0.02,0.03,0.07,0.02,0.06,0.07,0.33,0.02,0.05,0.18,0.03
PUB;6711402e84f549ceb85b55ccd87c6785,Opening Range Reversal Zones,DeuceDavis,839,8690,signals,0.98,30m,0.97,ny_0930,1.0,touch,0.62,opposite_side,0.46,range_multiple,0.95,0.03,0.02,0.03,0.04,0.05,0.02,0.06,0.05,0.67,0.05,0.07,0.12,0.08
PUB;8f0e34927b8d413e89f60f0c7d4b455a,Strong NQ ORB Breakouts | ProjectSyndicate,ProjectSyndicate,813,34414,signals,0.9,60m,1.0,futures_other,0.75,close,1.0,atr,1.0,r_multiple,0.99,0.03,0.27,0.86,0.08,0.55,0.67,0.08,0.1,0.39,0.94,0.97,0.23,0.63
PUB;d00c7e5b549a4b75b3867d17c800cb63,Opening Range Retest,BruzX,798,9663,signals,0.99,first_bar,0.96,ny_0930,0.97,retest,0.9,none,1.0,none,1.0,0.02,0.02,0.02,0.03,0.06,0.02,0.04,0.04,0.29,0.02,0.01,0.78,0.02
PUB;069087f670d54ada9f6df45c22295dee,ORB & Session Liquidity Model [JOAT],officialjackofalltrades,790,23631,signals,0.99,30m,0.97,ny_0930,1.0,close,0.98,opposite_side,1.0,r_multiple,1.0,0.02,0.02,0.03,0.04,0.05,0.03,0.05,0.08,0.74,0.04,0.39,0.76,0.05
PUB;qAPg2uWOgxfMnh8BJQJ20w2L0Xecjsej,VWAP MVWAP with Opening range,Trader_Shyam,786,2792,other,0.83,other,0.66,ny_0930,0.98,none,0.99,none,1.0,none,0.99,0.05,0.07,0.09,0.05,0.05,0.02,0.62,0.05,0.07,0.03,0.03,0.25,0.03
PUB;d119d844b7ea4dfd8e82775f6f293fe5,The Opening Range / First Bar By Market Mindset - Zero To Endles,marketmindset,783,4078,levels,0.95,first_bar,0.64,configurable_other,0.91,none,0.99,none,0.98,none,1.0,0.02,0.02,0.06,0.04,0.04,0.02,0.17,0.06,0.08,0.02,0.02,0.13,0.02
PUB;9df16000d9bf49c1a1c70a2b12653c6a,ORB Retest Entry,Trend_MyFrend,763,8432,signals,0.88,15m,0.92,configurable_other,0.39,retest,0.98,midpoint,0.95,r_multiple,0.92,0.02,0.02,0.02,0.03,0.08,0.02,0.06,0.05,0.89,0.03,0.04,0.76,0.04
PUB;667c65719bc9470689b6d58fece166d7,Strategy: Range Breakout,pradipandsuvra,757,8782,strategy,0.99,15m,0.83,india,0.97,close,0.98,atr,0.38,r_multiple,1.0,0.05,0.09,0.19,0.78,0.04,0.98,0.85,0.08,0.84,0.04,0.03,0.81,0.88
PUB;sBODxP2riYAAKRQlrjaD5aLtxqVaGUfs,ORB-5Min with Pre Market Data,foraus,750,794,other,0.76,5m,0.83,ny_0930,0.99,none,0.79,none,0.78,none,0.92,0.03,0.03,0.1,0.05,0.06,0.02,0.34,0.04,0.34,0.06,0.04,0.17,0.06
PUB;4a7416ab01294c3195d51cce62fb419b,"Opening Range, Initial Balance, Opening Price",PtGambler,720,5010,levels,0.98,30m,0.95,ny_0930,0.99,none,0.96,none,1.0,none,1.0,0.02,0.02,0.02,0.04,0.04,0.02,0.04,0.07,0.43,0.02,0.01,0.14,0.03
PUB;1755,[RS]Open Range Breakout V0,RicardoSantos,713,1282,levels,0.69,60m,1.0,configurable_other,0.75,none,0.87,none,0.85,none,0.77,0.02,0.02,0.13,0.03,0.13,0.02,0.16,0.07,0.08,0.05,0.02,0.31,0.03
PUB;04da620e890c46e5a5d976b8886c596e,Long-Only Opening Range Breakout (ORB) with Pivot Points,VolumeVigilante,700,10654,strategy,1.0,15m,0.99,ny_0930,0.96,touch,0.97,fixed,1.0,trailing,0.93,0.02,0.02,0.12,0.05,0.1,0.02,0.82,0.08,0.83,0.93,0.04,0.36,0.68
PUB;7d42efff5c8b45e887d7df2013c3599e,Fibonaci Opening Range Candle,POWER_TRADES,696,1617,levels,0.5,5m,0.88,india,0.87,none,0.55,none,0.49,none,0.79,0.02,0.02,0.02,0.03,0.05,0.02,0.03,0.12,0.59,0.05,0.03,0.23,0.04
PUB;c462afd981b140bdbe09f8935b6b9b06,ORB-PreDay_PerM_Levels,sskcharts,672,12245,levels,0.85,15m,0.96,ny_0930,0.95,none,0.99,none,0.99,range_multiple,0.47,0.02,0.02,0.07,0.03,0.05,0.02,0.79,0.08,0.16,0.02,0.07,0.15,0.03
PUB;faad91cf0bef4fb1b3dd9163012a7629,Session Opening Bar Range,lucymatos,669,32646,levels,1.0,first_bar,0.48,ny_0930,1.0,none,1.0,none,0.98,none,0.72,0.01,0.01,0.02,0.02,0.06,0.02,0.07,0.05,0.11,0.02,0.04,0.15,0.02
PUB;ece5fbcde43c4903a14b11d22ab95a65,Strong LO ORB | ProjectSyndicate,ProjectSyndicate,666,35438,signals,0.95,60m,0.99,london_asia,0.95,close,0.65,opposite_side,1.0,r_multiple,0.99,0.02,0.17,0.96,0.11,0.87,0.72,0.07,0.07,0.73,0.05,0.83,0.61,0.88
PUB;dca558f121eb45d1a792194202790924,First 15-Min Candle Detector [With Breakout Alerts],jzucchetto,660,5032,signals,0.98,15m,0.98,ny_0930,0.97,close,0.72,none,0.93,none,1.0,0.02,0.02,0.02,0.03,0.04,0.02,0.03,0.03,0.09,0.01,0.01,0.37,0.01
PUB;74f2466fe7ab473fa1c3cfa0b9064678,ORB [ASU],asumanixd,649,18889,levels,1.0,15m,0.98,configurable_other,0.69,none,1.0,none,0.99,none,0.65,0.02,0.01,0.02,0.03,0.07,0.02,0.05,0.04,0.67,0.02,0.05,0.28,0.03
PUB;88bbcc36f36a4dc885c6e7b705ec6410,RTH Opening Range with Extensions,LeoTheTiger,621,4964,levels,0.81,5m,1.0,ny_0930,1.0,none,1.0,none,0.99,range_multiple,0.47,0.02,0.01,0.02,0.03,0.05,0.02,0.04,0.03,0.3,0.02,0.06,0.2,0.03
PUB;c3c84dc5a6674910b3fbf9b201033c81,15-Min ORB Indicator with Breakout Targets,JWinters318,600,6614,signals,0.93,15m,0.97,ny_0930,0.98,close,0.89,none,0.71,range_multiple,0.78,0.02,0.01,0.02,0.03,0.04,0.02,0.03,0.03,0.12,0.03,0.33,0.42,0.04
PUB;7050c6ac8ede4cc8a5fb16a33304448f,Midnight Opening Ranges[TDL],Trades-Dont-Lie,568,64975,levels,1.0,30m,0.97,futures_other,0.85,none,1.0,none,0.99,none,0.95,0.02,0.02,0.02,0.03,0.05,0.02,0.63,0.05,0.13,0.02,0.04,0.18,0.02
PUB;516ba240cb764de395a7f1e19938d91f,Opening Range with Infinite Price Targets,SamRecio,566,6907,signals,0.98,15m,0.87,ny_0930,0.93,close,0.94,none,1.0,range_multiple,0.88,0.02,0.02,0.02,0.03,0.04,0.02,0.05,0.04,0.34,0.03,0.32,0.24,0.05
PUB;72921292b022422398871ebd448dca21,ORB Pro | Session Breakout Scalper,blitz_locked,526,13848,strategy,1.0,15m,0.97,ny_0930,0.99,close,0.99,opposite_side,0.98,r_multiple,1.0,0.86,0.03,0.03,0.85,0.88,0.03,0.04,0.04,0.62,0.84,0.55,0.61,0.91
PUB;c0cd9f0ad38c482bbc75d2ee8db58bb1,Negroni Opening Range Strategy,RoyalNegroni,517,32992,strategy,0.99,other,0.77,configurable_other,0.46,close,0.69,opposite_side,0.78,atr_or_fixed,0.56,0.02,0.08,0.05,0.04,0.07,0.03,0.86,0.04,0.96,0.67,0.91,0.86,0.97
PUB;5e0605a3231a4d24adb3ee681e599cca,Opening Range & Daily and Weekly Pivots,FadingExtremes,485,2855,signals,1.0,30m,0.88,ny_0930,0.99,close,0.87,none,0.98,none,1.0,0.02,0.01,0.06,0.03,0.04,0.02,0.72,0.03,0.42,0.02,0.02,0.48,0.02
PUB;e0318630ae134d80b765b3c9807cdca2,OBR 15min Session Opening Range Breakout + Volume Trend Delta,IndexaZ,478,10292,signals,0.98,15m,0.91,london_asia,0.76,touch,0.72,none,0.99,none,0.99,0.02,0.39,0.22,0.12,0.05,0.48,0.66,0.06,0.24,0.04,0.02,0.64,0.03
PUB;lnG7hKb8AIvNGY439yPItaeTVyZ1QQ4T,Forex session - Opening Range- Jayy fixed updated,jayy,476,18534,levels,1.0,15m,0.9,ny_0930,0.41,none,0.99,none,0.97,range_multiple,0.97,0.02,0.02,0.06,0.04,0.05,0.02,0.77,0.06,0.17,0.03,0.3,0.12,0.03
PUB;bb898bb0ad944f9193af24a2a91ee317,Pre Market \ Opening Range High Low,LucrorStrategies,470,4896,other,0.8,other,0.93,configurable_other,0.28,none,0.99,none,1.0,none,1.0,0.02,0.01,0.02,0.03,0.04,0.01,0.05,0.03,0.35,0.01,0.01,0.15,0.02
PUB;9980bf2a4a74485a90b9712c8f6f3af9,Opening Range Breakout (ORB),BlackJackOptionsTrades,465,2150,signals,0.9,30m,1.0,ny_0930,0.99,close,0.96,none,0.99,none,1.0,0.02,0.02,0.02,0.03,0.04,0.02,0.05,0.03,0.45,0.03,0.02,0.56,0.04
PUB;3a0445b38531492b96a5983f7b066ade,ICT Opening Range Projections (tristanlee85),tristanlee85,465,65681,levels,1.0,30m,0.76,ny_0930,0.5,none,0.98,none,1.0,none,0.55,0.02,0.02,0.03,0.03,0.24,0.02,0.05,0.05,0.11,0.02,0.06,0.12,0.02
PUB;78a98999cae4405e8c5474a966a6de1c,Michigandolf's 30min Opening Range (w/Extensions),Michigandolf,463,3322,levels,0.93,30m,1.0,ny_0930,1.0,none,0.99,none,0.94,range_multiple,0.64,0.02,0.02,0.02,0.04,0.03,0.02,0.25,0.03,0.15,0.02,0.04,0.15,0.02
PUB;f64d6d27e9c44cca8aa8187a860231fd,Opening Range Breakout Session Strategy [JOAT],officialjackofalltrades,462,18267,signals,0.99,30m,0.98,ny_0930,1.0,close,0.95,opposite_side,0.99,r_multiple,0.92,0.02,0.02,0.02,0.03,0.05,0.03,0.04,0.05,0.79,0.04,0.35,0.78,0.05
PUB;8da0ab7b7c1848ebb3b4d8d255adb942,IU Opening range Breakout Strategy,Shivam_Mandrai,450,4123,strategy,1.0,first_bar,0.98,india,0.33,close,1.0,candle_or_swing,0.67,r_multiple,1.0,0.02,0.02,0.02,0.03,0.04,0.02,0.04,0.04,0.17,0.04,0.03,0.77,0.97
PUB;cc72b9fd93ea455da96268c81c8fab8e,Opening Range Breakout [UkutaLabs],UkutaLabs,446,19400,signals,0.83,15m,0.66,ny_0930,0.92,touch,0.22,none,0.99,none,0.99,0.02,0.02,0.02,0.03,0.04,0.02,0.04,0.04,0.49,0.02,0.03,0.28,0.02
PUB;32d3f7c084634182b102099d13d4fe82,Drop's Opening Range Breakout (ORB),drop_trades,441,10354,strategy,1.0,15m,0.99,ny_0930,1.0,close,0.64,midpoint,1.0,r_multiple,1.0,0.02,0.11,0.97,0.32,0.87,0.03,0.06,0.03,0.94,0.91,0.04,0.12,0.91
PUB;URFJTZouvAPtZnGXdnAqejF1CfDusKZN,ChartMojo Opening 1 min. range -V1,chartmojo,429,1079,other,0.52,1m,0.95,configurable_other,0.51,none,0.94,none,0.88,none,0.9,0.02,0.02,0.08,0.04,0.05,0.02,0.15,0.04,0.09,0.05,0.03,0.22,0.03
PUB;8f579a2335334b0d8216e58b596d841f,Opening Range Breakout,jdraket,414,2988,signals,1.0,15m,0.99,ny_0930,0.99,close,0.96,none,1.0,none,1.0,0.02,0.95,0.03,0.03,0.04,0.04,0.03,0.03,0.84,0.02,0.01,0.36,0.03
PUB;3ce770bcbe3e490592831985d84284fc,Script_Algo - ORB Strategy with Filters,Script_Algo,412,4326,strategy,1.0,other,0.54,ny_0930,0.91,close,0.98,opposite_side,0.99,r_multiple,1.0,0.02,0.84,0.14,0.63,0.06,0.1,0.03,0.16,0.29,0.04,0.04,0.79,0.03
PUB;ab373377fe5f4d2baeac8a97c5a9703c,RD Opening Range/Initial Balance,RexDogActual,392,11559,levels,0.9,60m,0.97,futures_other,0.78,none,0.88,none,0.98,none,0.98,0.02,0.03,0.04,0.04,0.05,0.03,0.17,0.05,0.54,0.04,0.03,0.26,0.04
PUB;1a41a043f628462e8906cab0c89124ba,Opening Range with Fibs,asenski,389,2698,levels,0.97,30m,0.98,ny_0930,0.99,none,0.99,none,0.99,range_multiple,0.75,0.04,0.02,0.04,0.05,0.05,0.02,0.05,0.05,0.56,0.03,0.08,0.17,0.05
PUB;cd6cc5d6013e4a9e8f34f7e5dba15cbe,ORB + Key Session Levels Strategy +SL,robertcarusonj,381,46697,strategy,1.0,15m,1.0,ny_0930,1.0,close,0.98,midpoint,1.0,r_multiple,1.0,0.02,0.02,0.06,0.04,0.05,0.03,0.55,0.05,0.15,0.9,0.98,0.48,0.04
PUB;1d350cec7dff43059e25794052b36c3d,Katalyst's Opening Range Breakout,TheKatalyst,358,7302,levels,0.91,5m,0.98,ny_0930,0.68,none,0.98,none,0.99,none,1.0,0.02,0.02,0.03,0.03,0.05,0.02,0.08,0.04,0.15,0.02,0.02,0.29,0.02
PUB;45f77a8be9054f00ab682eb4626708a7,Opening Range Breakout (ORB) with Fib Retracement,gggoaaat,357,16403,levels,0.99,15m,1.0,ny_0930,0.93,none,0.99,none,0.99,none,0.59,0.02,0.01,0.02,0.03,0.04,0.02,0.07,0.04,0.19,0.02,0.09,0.12,0.02
PUB;c62716fdc39949b68af226c05c62b16a,Day First Candle Breakout,rupatil,311,5971,levels,0.98,15m,0.99,configurable_other,0.44,none,0.91,none,0.94,none,0.99,0.02,0.03,0.07,0.04,0.07,0.03,0.29,0.05,0.06,0.04,0.03,0.23,0.03
PUB;7224bdd1b161487ba8ae4937f08a7d51,Big Daddy Max ORB Strategy,MrWickTrading,273,19272,strategy,1.0,15m,0.99,ny_0930,1.0,close,1.0,midpoint,1.0,r_multiple,1.0,0.02,0.02,0.02,0.03,0.06,0.02,0.03,0.04,0.53,0.03,0.03,0.89,0.88
PUB;c2eceedee279453baa87a31720009439,ORB 369 - Opening Range Breakout,Niko-picasso369,271,3354,signals,0.96,15m,1.0,ny_0930,1.0,close,0.93,none,0.99,none,1.0,0.02,0.02,0.02,0.03,0.03,0.02,0.04,0.05,0.41,0.02,0.02,0.36,0.04
PUB;d9acac24e1fa40079316914c856c584f,Open Range Breakout,ebecihalil,253,14539,signals,0.99,30m,1.0,ny_0930,1.0,retest,0.57,none,0.99,none,0.99,0.02,0.02,0.02,0.03,0.06,0.02,0.04,0.03,0.5,0.03,0.02,0.79,0.04
PUB;45ecc06877614453864de404010b8cc4,ORB Breakout Strategy,chartsquare,215,9268,strategy,1.0,15m,0.99,ny_0930,1.0,close,0.92,candle_or_swing,0.98,r_multiple,1.0,0.02,0.02,0.02,0.03,0.05,0.03,0.04,0.04,0.97,0.03,0.04,0.27,0.95
PUB;752db1e82a3d4be28f91dc199734bbb2,PumpC Opening Range Breakout (ORB) 5min Range,PumpCTrader,214,14669,signals,0.97,5m,0.97,ny_0930,0.49,close,0.96,none,0.99,none,0.72,0.03,0.02,0.03,0.04,0.13,0.02,0.04,0.05,0.43,0.02,0.05,0.44,0.03
PUB;7e5b43fb55c44d6e967dde6d73403d3b,Opening Range Breakout with Multi-Timeframe Liquidity],Fx-Jithin,212,37523,signals,0.99,15m,0.95,ny_0930,0.33,close,0.54,none,0.99,none,1.0,0.02,0.48,0.86,0.21,0.05,0.07,0.13,0.06,0.12,0.02,0.02,0.49,0.02
PUB;f8c2cd05025243f8a3df7f6ba19b96c0,Reversal & Breakout Strategy with ORB,Stock_Reaver,207,6898,strategy,0.99,30m,0.65,configurable_other,0.46,close,0.98,candle_or_swing,0.72,r_multiple,0.99,0.92,0.8,0.14,0.96,0.06,0.37,0.03,0.04,0.06,0.86,0.98,0.87,0.02
PUB;87ba86d9712e44aa96fafd60dedbb225,ORB opening range breakout,nkwdesmond,207,12981,levels,0.95,5m,1.0,ny_0930,0.55,none,0.94,none,1.0,none,1.0,0.02,0.04,0.03,0.03,0.05,0.03,0.05,0.04,0.13,0.03,0.02,0.16,0.03
PUB;dde4445e9ab848949fcc09a1d1037f64,Worldwide Sessions and Open Range Breakout,tyler-johnson,200,11400,levels,0.51,15m,0.93,london_asia,0.48,none,0.96,none,0.99,none,0.99,0.02,0.02,0.03,0.04,0.04,0.03,0.04,0.05,0.18,0.03,0.04,0.26,0.03
PUB;edb2f8a7b738444f8fedf4163a00e185,NY15m ORB with a fixed SL & TP (Nasdaq),aubreyoxugn,195,7517,strategy,1.0,15m,0.99,ny_0930,1.0,close,0.97,atr,1.0,r_multiple,1.0,0.02,0.02,0.02,0.04,0.09,0.02,0.04,0.04,0.68,0.05,0.04,0.11,0.94
PUB;4cde94e1de0e4022b0f76ab0a461ef72,Gold Opening 15-Min ORB INDICATOR by Adé,adegilsonmariano,194,3953,signals,0.53,15m,0.95,london_asia,0.71,close,0.9,none,0.99,none,1.0,0.02,0.02,0.02,0.03,0.05,0.02,0.07,0.03,0.41,0.02,0.02,0.63,0.04
PUB;473453110c3b4c8e89ef32da305dfa80,ORB Range Indicator with Fibonacci Targets,Baba_Dollar,188,13873,signals,0.99,other,0.95,ny_0930,0.99,touch,0.87,none,1.0,range_multiple,0.62,0.02,0.02,0.02,0.06,0.07,0.02,0.64,0.68,0.14,0.02,0.07,0.1,0.02
PUB;39d6c5be07494fcbb1af102736eec4c3,ORB - Futures and Stocks (Breakouts + Alerts + ORB Selector),tolosatrader,183,3138,signals,1.0,5m,0.99,ny_0930,0.98,close,0.72,none,1.0,none,1.0,0.02,0.02,0.03,0.03,0.04,0.02,0.05,0.03,0.24,0.02,0.02,0.7,0.02
PUB;0d80fca4f5e447ff982a66c1b4ab6f7f,5-Min First Candle Breakout/Breakdown,anuj1982kumarsrivastava,179,1733,signals,0.84,first_bar,0.42,india,0.73,close,0.79,none,0.97,none,1.0,0.02,0.02,0.02,0.04,0.04,0.02,0.03,0.03,0.08,0.03,0.02,0.56,0.03
PUB;e36c6ad741f24e668183adbd6daffc5c,Session Opening Range Breakout (ORBO),PinegenAI,176,2282,strategy,0.9,other,0.68,ny_0930,0.99,close,0.92,none,1.0,none,1.0,0.02,0.02,0.02,0.03,0.04,0.02,0.04,0.03,0.61,0.03,0.02,0.55,0.03
PUB;63da319b154c4ee38f895308e6f8233f,PumpC Opening Range Breakout (ORB) Stretch Range,PumpCTrader,175,13754,signals,0.8,other,0.59,configurable_other,0.79,close,0.84,none,0.98,range_multiple,0.46,0.02,0.02,0.1,0.03,0.09,0.02,0.28,0.06,0.05,0.02,0.08,0.27,0.02
PUB;ad7a3617dcac4a7d9bf18612de4cf0bb,Opening Range Breakout,vinitpandya,166,13422,signals,0.61,30m,1.0,ny_0930,0.89,close,0.91,none,0.94,none,0.99,0.02,0.02,0.02,0.03,0.07,0.02,0.12,0.04,0.18,0.02,0.02,0.58,0.03
PUB;7a878699b18b4d1ba25f95a72bc1e1cd,NY Opening Range Breakout - MA Stop,shui2967,156,9938,strategy,0.99,15m,0.99,ny_0930,1.0,close,0.99,opposite_side,0.97,r_multiple,1.0,0.05,0.81,0.07,0.04,0.05,0.04,0.06,0.04,0.94,0.04,0.04,0.59,0.03
PUB;f1b6ee8070a84612bcfeb30cd1b696a2,ORB Opening Range Breakout LliterH,LliterH,143,9999,signals,1.0,15m,0.99,ny_0930,1.0,close,0.99,none,0.98,none,0.82,0.02,0.02,0.02,0.03,0.26,0.03,0.04,0.03,0.78,0.02,0.03,0.67,0.04
PUB;07dc4641422e4cdfa2aa9b0775c458a5,Chews Opening Range Breakout - Fibonacci,ChewMeHarder,139,6081,levels,0.29,first_bar,0.77,ny_0930,0.61,touch,0.32,midpoint,0.8,range_multiple,0.63,0.02,0.02,0.03,0.04,0.05,0.02,0.19,0.1,0.08,0.06,0.06,0.22,0.06
PUB;6b0acb8c48424bf8a0066dd91f4f13cc,8AM ORB Master Strategy,nick2gd,138,13584,signals,0.99,15m,1.0,configurable_other,0.72,retest,0.54,opposite_side,0.99,r_multiple,0.98,0.03,0.91,0.17,0.96,0.06,0.03,0.05,0.09,0.24,0.03,0.43,0.06,0.04
PUB;eb673187607c4bada0cb030453089bc8,"All-in-One: EMA, ORB, PM, and Anchored VWAP",ColdBloodedSniper,132,11409,levels,0.86,5m,0.94,configurable_other,0.64,none,0.92,none,0.99,none,0.95,0.07,0.07,0.04,0.06,0.05,0.03,0.63,0.06,0.61,0.04,0.05,0.26,0.03
PUB;ac95677e0dfb4619b998c4359809ddf6,15-Min ORB Strategy with TP/SL,davidmdan,131,2372,signals,0.54,15m,0.92,configurable_other,0.36,close,0.96,opposite_side,0.42,range_multiple,1.0,0.02,0.01,0.02,0.03,0.05,0.02,0.03,0.03,0.37,0.02,0.03,0.82,0.05
PUB;d665861e4ef041a08fd066802d555979,NeuraEdge ORB - Opening Range Breakout Indicator,Darkmatter513,130,28461,signals,0.99,15m,0.95,ny_0930,0.99,retest,0.98,opposite_side,1.0,r_multiple,1.0,0.7,0.52,0.58,0.57,0.09,0.05,0.08,0.05,0.94,0.04,0.03,0.71,0.05
PUB;33c4a58580d949658188646d1f79e8df,15-Min ORB Strategy for NQ ,Dryeye2006,129,7776,strategy,1.0,15m,0.73,ny_0930,1.0,close,0.92,opposite_side,0.98,r_multiple,0.99,0.02,0.02,0.02,0.03,0.05,0.02,0.17,0.04,0.23,0.85,0.99,0.33,0.94
PUB;d6ca20660580486f975a03d735d68493,ORB Breakout Strategy with VWAP and Volume Filters,luiscaballero,123,13245,strategy,1.0,other,0.53,ny_0930,1.0,touch,0.97,candle_or_swing,0.86,r_multiple,0.95,0.87,0.04,0.04,0.7,0.07,0.03,0.03,0.04,0.49,0.92,0.03,0.85,0.94
PUB;7d2fb3e880e24b229030cae78ef3cc79,Opening Range + Full-Day High/Low + Prev Day Levels,eguillot,122,4942,signals,0.82,15m,0.92,ny_0930,1.0,close,0.93,none,0.99,none,0.97,0.02,0.02,0.02,0.04,0.05,0.03,0.54,0.04,0.17,0.02,0.02,0.28,0.04
PUB;20695808fe8e48b1b7b118565d7dd7e8,Opening Range Breakout,vasireddiramu78,122,2564,signals,0.92,15m,0.94,india,0.89,close,0.87,none,1.0,none,1.0,0.02,0.01,0.02,0.03,0.05,0.02,0.03,0.03,0.59,0.01,0.01,0.51,0.03
PUB;18b0dd21cccf4e859a0a8f5e96b226fd,Hybrid Strategy: Trend/ORB/MTF,EliasVictor,118,45258,signals,1.0,5m,0.98,ny_0930,0.99,close,1.0,none,1.0,none,1.0,0.96,0.74,0.94,0.08,0.05,0.05,0.44,0.19,0.64,0.03,0.03,0.48,0.04
PUB;9c95193a24c74906ac7bc2b2d2bc0a23,ORB | Feng Futures,ericfengg,118,9234,levels,0.93,15m,1.0,ny_0930,1.0,none,0.99,none,1.0,none,0.97,0.02,0.02,0.08,0.04,0.05,0.02,0.6,0.05,0.32,0.03,0.03,0.38,0.03
PUB;fc21304883194b0c90dea1f07d9eb48c,Opening Range Breakout (15 mins Range),AhmedSalahuddin,117,2633,signals,0.31,other,0.98,configurable_other,0.83,close,0.96,none,0.99,none,0.99,0.02,0.01,0.02,0.03,0.05,0.02,0.35,0.03,0.29,0.02,0.01,0.16,0.04
PUB;0321f70809004a22bfb382493143b224,First 12 Candles High/Low Breakout,anmolsunnysingh,117,3743,signals,0.93,60m,0.76,ny_0930,0.98,close,0.97,fixed,1.0,atr_or_fixed,0.94,0.02,0.01,0.02,0.03,0.06,0.02,0.03,0.02,0.92,0.03,0.02,0.13,0.08
PUB;659346bf12204fcc9d0de2ed90f38d37,First 15-min Candle High/Low,trader_ramjiram,99,1141,signals,1.0,15m,0.96,india,0.98,close,0.95,none,0.99,none,1.0,0.01,0.01,0.02,0.03,0.03,0.01,0.03,0.02,0.79,0.01,0.01,0.57,0.02
PUB;6fe345e1e64e48049c95914cb53e9b9a,ORB + Key Session Levels Strategy,Edthatch21,94,35291,strategy,1.0,15m,1.0,ny_0930,1.0,close,0.98,midpoint,1.0,r_multiple,1.0,0.03,0.03,0.08,0.04,0.05,0.03,0.63,0.05,0.16,0.04,0.97,0.62,0.05
PUB;347f9936852d4070bff703d94cc65a53,ORB + Fib Breakout Signals (Strategy),chadsingh,88,9518,strategy,1.0,15m,1.0,futures_other,0.95,close,1.0,atr,1.0,r_multiple,1.0,0.02,0.02,0.02,0.03,0.05,0.03,0.04,0.04,0.63,0.95,0.05,0.81,0.94
PUB;ed2baaeef52142c097f63c448409e980,ORB Advanced Cloud Indicator & FIB's by TenAMTrader,TenAM_Trader,86,9451,levels,0.6,60m,0.53,ny_0930,1.0,none,0.37,none,0.95,none,0.49,0.02,0.02,0.02,0.03,0.05,0.02,0.09,0.03,0.41,0.02,0.05,0.24,0.02
PUB;ca4e0ccf202f4f7aab0bbd750dafcaec,TSA futures ORB Volume Breakout Alert,MiguelJrCharts,86,23693,signals,1.0,30m,1.0,ny_0930,0.99,close,0.99,none,1.0,range_multiple,0.96,0.02,0.04,0.07,0.95,0.05,0.03,0.81,0.12,0.59,0.02,0.3,0.71,0.03
PUB;5cdb7b3575454873ae2d2342a59ccf3e,"Futures Sessions with NY Opening Range, Levels, FVGs, & Holidays",GodPlays888,86,45751,levels,0.87,15m,0.94,futures_other,0.64,close,0.49,none,0.99,none,0.98,0.02,0.02,0.03,0.03,0.32,0.02,0.59,0.08,0.15,0.03,0.04,0.35,0.03
PUB;40a04d42d1924330a90b1f0ac2145510,Opening Range Breakout Cloud Indicator by TenAMTrader,TenAM_Trader,63,4106,signals,0.96,60m,0.56,ny_0930,1.0,touch,0.35,none,0.97,none,0.99,0.02,0.01,0.02,0.03,0.05,0.02,0.07,0.03,0.63,0.02,0.02,0.63,0.02
PUB;7709b0e86bc6478e805c7a218565786b,ORB Range Indicator with a dynamic Consolidation Zone detection,Baba_Dollar,61,10474,signals,0.98,other,0.93,ny_0930,1.0,touch,0.73,none,0.99,range_multiple,0.68,0.02,0.02,0.02,0.06,0.07,0.02,0.05,0.03,0.12,0.02,0.07,0.09,0.02
PUB;3485dd05958b49af932894a70734b7ca,Best ORB Strategy Detector + Entry Finder,xcelerate_trade,59,176882,signals,0.99,5m,0.96,ny_0930,1.0,retest,0.89,opposite_side,1.0,r_multiple,0.74,0.11,0.33,0.49,0.17,0.08,0.06,0.92,0.9,0.24,0.05,0.83,0.91,0.06
PUB;912f0652afc24752a998d13dc1b6df7d,Orange 30M ORB Indicator .5,gpmpastorsc,55,19167,signals,0.98,30m,0.99,ny_0930,1.0,retest,0.63,none,0.99,none,1.0,0.02,0.02,0.02,0.03,0.04,0.02,0.04,0.04,0.18,0.02,0.02,0.75,0.03
PUB;d23cd981ee8f4915aa1dcdc95a944bbc,ORB Breakout Indicator - NQ1!,sandunmathers,53,1575,signals,0.83,15m,1.0,ny_0930,1.0,close,1.0,none,0.98,none,1.0,0.02,0.02,0.02,0.03,0.05,0.02,0.05,0.03,0.4,0.02,0.02,0.13,0.04
PUB;3d268a2b490141ab9d5ae570592c3ce1,ES/NQ Levels: ON / PD(RTH) / PW / PM + ATH (NY),imsanesam,49,57162,levels,0.99,other,0.79,ny_0930,0.95,none,0.96,none,1.0,none,1.0,0.04,0.03,0.04,0.05,0.05,0.02,0.91,0.05,0.47,0.01,0.02,0.17,0.01
PUB;9d4046b43b95402b82afc34dc462b561,Initial Balance Breakout Strategy,Bnf6082,47,14984,strategy,0.99,60m,0.99,ny_0930,1.0,retest,0.87,fixed,0.58,range_multiple,1.0,0.02,0.02,0.02,0.03,0.89,0.03,0.04,0.03,0.97,0.04,0.07,0.14,0.95
PUB;06c9234f7950461299a69ea25e6f64a1,First 15min Candle Breakout,jasonjayhawker,46,3548,signals,1.0,15m,0.98,ny_0930,0.99,close,1.0,none,0.98,none,1.0,0.02,0.01,0.02,0.02,0.05,0.01,0.03,0.03,0.15,0.02,0.01,0.74,0.02
PUB;448759d4093b4b71934c4147626fd58d,ORB MEEEEEKS,repost64,46,65099,strategy,1.0,15m,0.97,ny_0930,1.0,retest,0.74,atr,0.43,atr_or_fixed,0.98,0.71,0.03,0.48,0.08,0.05,0.95,0.06,0.06,0.18,0.92,0.98,0.53,0.67
PUB;33511f6bb2d44d9490724efd37ce647d,ORB AVWAP Retest Strategy,LukeBorgerding,43,9282,strategy,1.0,15m,0.91,ny_0930,1.0,retest,0.65,opposite_side,1.0,r_multiple,1.0,0.74,0.02,0.03,0.05,0.11,0.03,0.05,0.05,0.96,0.04,0.04,0.45,0.09
PUB;ac82f4a03ef74fc09d72a95a3e16b1ea,ORB + Key Session Levels Strategy W/SL,robertcarusonj,43,46697,strategy,1.0,15m,1.0,ny_0930,1.0,close,0.97,midpoint,1.0,r_multiple,1.0,0.02,0.02,0.06,0.04,0.05,0.03,0.48,0.05,0.15,0.89,0.98,0.54,0.04
PUB;99bba70d9a7d479bacbdc3abe2ea092e,Initial Balance Breakout [samjNQ] v3,samjNQ,42,5253,strategy,1.0,60m,1.0,ny_0930,1.0,close,0.92,opposite_side,1.0,range_multiple,1.0,0.92,0.04,0.1,0.03,0.9,0.03,0.05,0.03,0.97,0.04,0.13,0.15,0.93
PUB;00cd1979613d4333989af2db9b893343,Globex Overnight Futures ORB with FIB's by TenAMTrader,TenAM_Trader,40,9440,levels,0.74,15m,0.95,futures_other,0.99,touch,0.43,none,0.97,none,0.59,0.02,0.02,0.02,0.03,0.05,0.02,0.62,0.03,0.38,0.02,0.03,0.2,0.03
PUB;0ca97d19e91042a18bf1897225de83c5,US30 ORB 5m / 1m Strategy,pmaley34,34,2360,strategy,1.0,5m,0.98,ny_0930,1.0,close,0.92,opposite_side,0.94,atr_or_fixed,1.0,0.02,0.02,0.04,0.03,0.05,0.02,0.05,0.04,0.36,0.03,0.03,0.78,0.04
PUB;91b2957000a64e19ad00948ff320a0ec,ORB Strategy Timo v14,wec2501,32,75820,signals,1.0,15m,0.72,london_asia,0.3,close,0.5,fixed,1.0,atr_or_fixed,0.86,0.81,0.92,0.92,0.25,0.78,0.06,0.07,0.05,0.25,0.03,0.04,0.83,0.04
PUB;f65cd7feae894e378b6d95d1f5727985,Gecko ORB Small Range Breakout Strategy v1.4,danielbutcher72,32,7149,strategy,1.0,other,0.6,configurable_other,0.6,close,1.0,opposite_side,1.0,r_multiple,1.0,0.02,0.02,0.02,0.03,0.23,0.02,0.03,0.05,0.94,0.03,0.04,0.29,0.92
PUB;4b11372f3e9e4ff2a47c353d7054c53b,NASDAQ ORB Strategy - Strict Exec (RRR 2.0) Fixed,drakkhon,30,5639,strategy,1.0,15m,0.91,ny_0930,1.0,close,0.94,midpoint,0.99,r_multiple,1.0,0.02,0.04,0.02,0.96,0.07,0.03,0.03,0.04,0.93,0.04,0.03,0.08,0.97
PUB;8fec8926dfe84bf180068ae0d479e157,MNQ 15m NY Open ORB Strategy,Nils123456,30,6187,strategy,1.0,15m,0.97,ny_0930,1.0,close,0.99,fixed,1.0,atr_or_fixed,1.0,0.02,0.02,0.02,0.03,0.04,0.02,0.04,0.04,0.76,0.95,0.03,0.13,0.9
PUB;e9a348cbd6a1496586f44a14ae25162e,15-Min ORB Indicator (Hitz2kk),hitz2kk,28,12453,levels,0.93,15m,0.99,ny_0930,0.59,none,1.0,none,1.0,none,0.99,0.02,0.02,0.02,0.04,0.06,0.02,0.05,0.04,0.47,0.02,0.04,0.24,0.02
PUB;763d941693444257a2ef20045f82fb7b,VWAP ORB Pullback Strategy,TraderTed420,27,2151,strategy,0.99,15m,0.97,ny_0930,1.0,pullback_other,0.48,atr,1.0,r_multiple,0.41,0.72,0.68,0.05,0.04,0.05,0.03,0.05,0.04,0.11,0.03,0.03,0.86,0.03
PUB;74e202e679f34592b8683ed3ab06931f,ORB indicator,pbloem,25,8041,levels,0.91,first_bar,0.69,configurable_other,0.47,none,0.99,none,1.0,none,1.0,0.02,0.01,0.02,0.02,0.04,0.01,0.03,0.03,0.19,0.02,0.02,0.22,0.01
PUB;7f0d148da56d44db97c682ed14eb907a,MNQ ORB Strategy - VWAP + Bias,dbmeyers,25,13704,strategy,1.0,other,0.95,ny_0930,1.0,touch,0.99,fixed,0.98,atr_or_fixed,0.98,0.8,0.04,0.13,0.03,0.61,0.04,0.05,0.04,0.96,0.91,0.07,0.13,0.05
PUB;87be53c50ed34f28b3e67b5e88869b2e,ORB Retest Strategy (15m ORB + 5m Entry),Gioharper,24,8731,signals,0.99,15m,0.99,ny_0930,0.98,retest,0.97,opposite_side,1.0,range_multiple,0.86,0.02,0.02,0.02,0.03,0.05,0.02,0.07,0.04,0.73,0.03,0.03,0.25,0.09
PUB;f1afa655fcef4558b699c2eae204ff14,ORB Indicator + Full Visuals (PROFITABLE V4.1),musenexus,22,10766,signals,0.99,15m,0.98,ny_0930,1.0,close,0.76,opposite_side,0.99,atr_or_fixed,1.0,0.21,0.94,0.13,0.06,0.05,0.06,0.49,0.05,0.87,0.38,0.94,0.71,0.06
PUB;9588ef7cfa3142deb198f5e9d5c57e1d,ORB Trailing Strategy,IvoS82,20,18990,strategy,1.0,15m,0.62,london_asia,0.17,close,0.88,candle_or_swing,0.93,trailing,0.95,0.02,0.69,0.19,0.03,0.12,0.05,0.1,0.05,0.74,0.97,0.06,0.59,0.96
PUB;2a3ca596c1604217b31170bc291e184e,Ultimate Opening Range Breakout [hide4dexter],rc_trader7,17,25617,signals,0.97,30m,0.99,ny_0930,0.94,close,0.66,atr,0.6,trailing,0.61,0.02,0.02,0.03,0.06,0.05,0.03,0.07,0.05,0.84,0.87,0.13,0.63,0.39
PUB;54dfddbe330b426d917ba3d8d48b365a,Orange 30M ORB Indicator,gpmpastorsc,16,19167,signals,0.98,30m,0.99,ny_0930,1.0,retest,0.65,none,0.99,none,1.0,0.02,0.02,0.02,0.03,0.04,0.02,0.04,0.04,0.19,0.02,0.02,0.71,0.02
PUB;0b529dce6bf046729182340821afef3a,ORBITAL ORB Indicator,brettcarlsonltd,16,9348,signals,0.97,60m,0.98,futures_other,0.62,close,0.98,midpoint,0.98,none,0.44,0.02,0.02,0.03,0.03,0.79,0.03,0.05,0.04,0.15,0.05,0.06,0.15,0.03
PUB;47c3fe6613cf47bcae76bdc09bb5834d,"Prev Day/Week Breakout Signals (15m, 1st 15 min BO)- Dr Vinay",KelvinGold_fx,16,1548,signals,0.36,first_bar,0.56,configurable_other,0.42,close,0.95,none,0.99,none,1.0,0.02,0.01,0.33,0.03,0.05,0.02,0.72,0.04,0.41,0.02,0.02,0.11,0.02
PUB;aca1da8c1af142f6be11ebc92c72bea3,ORB Indicator,lathaml3819,12,9665,other,0.54,other,0.89,configurable_other,0.98,close,0.63,opposite_side,0.61,none,1.0,0.02,0.02,0.02,0.03,0.16,0.02,0.02,0.06,0.79,0.02,0.02,0.84,0.01
PUB;704e0a0d006043fa917a393a813cbcb7,US30 ORB Indicator,nadunyrn1f,12,4879,signals,1.0,15m,0.99,configurable_other,0.68,close,1.0,none,1.0,none,1.0,0.93,0.85,0.07,0.94,0.06,0.96,0.06,0.04,0.11,0.02,0.02,0.7,0.03
PUB;e52fbcf8bd734fe2a57aac30ab0c6653,Futures ORB 8:30 + EMA + Improved Signals,SERGCAPITAL,10,2549,signals,0.98,other,0.57,futures_other,0.99,close,0.97,none,0.96,none,0.99,0.03,0.11,0.07,0.04,0.05,0.03,0.05,0.04,0.25,0.04,0.03,0.43,0.06
PUB;ad5741a4915140f0991536ef0661fb4f,Sourav ORB-RSI-MA Indicator,traderszonecosmic,6,855,other,0.97,other,0.97,configurable_other,0.89,pullback_other,0.63,none,1.0,none,1.0,0.02,0.86,0.04,0.03,0.03,0.89,0.02,0.02,0.03,0.02,0.02,0.67,0.02
PUB;25054ce4ba7e43cc864cb05f5e68bb5b,Orange 30M ORB Indicator,gpmpastorsc,5,20341,signals,0.98,30m,0.99,ny_0930,0.99,retest,0.74,none,0.99,none,1.0,0.02,0.02,0.02,0.03,0.04,0.02,0.04,0.04,0.29,0.02,0.02,0.78,0.02
PUB;b155de192ae24e09ba6850b8dcd011a6,ORB 15m + AVWAP (Futures) [Stable Lines]. ,ilfauno,4,1577,other,0.53,15m,0.99,ny_0930,0.99,none,1.0,none,1.0,none,1.0,0.04,0.02,0.02,0.04,0.04,0.02,0.03,0.04,0.46,0.02,0.02,0.26,0.03
PUB;4f889e0b816e422bb464e3e843e49643,MNQ 16 min. ORB Fib Retracement,thagrateinc,2,5719,signals,1.0,other,0.52,futures_other,0.37,pullback_other,0.51,none,0.97,none,0.92,0.02,0.03,0.03,0.03,0.06,0.02,0.04,0.05,0.91,0.03,0.03,0.09,0.04
