account,rule_set,eval MNQ,funded MNQ,$/mo 2016-24,p10 2016-24,losing 2016-24,busts/yr 2016-24,$/mo 2025-26,p10 2025-26,losing 2025-26,busts/yr 2025-26,worse era $/mo
Flex 150K,ORB v1,6,4,133.0,-37.0,0.29,0.63,379.0,189.0,0.0,0.3,133.0
Flex 150K,ORB v1,6,3,128.0,-12.0,0.14,0.44,244.0,94.0,0.0,0.7,128.0
Flex 150K,ORB v1,6,6,109.0,-37.0,0.49,0.92,338.0,-38.0,0.2,0.5,109.0
Flex 100K,ORB v1,6,3,101.0,-30.0,0.33,0.61,289.0,58.0,0.0,0.3,101.0
Flex 100K,ORB v1,4,3,99.0,-30.0,0.34,0.64,293.0,58.0,0.0,0.4,99.0
Flex 100K,ORB v1,4,6,96.0,-40.0,0.52,0.89,283.0,-31.0,0.2,0.3,96.0
Flex 100K,ORB v1,6,6,86.0,-52.0,0.53,0.98,297.0,-31.0,0.2,0.3,86.0
Flex 100K,ORB v1,6,2,86.0,-10.0,0.12,0.41,98.0,59.0,0.0,1.1,86.0
Flex 100K,ORB v1,4,2,86.0,-10.0,0.13,0.41,104.0,59.0,0.0,1.1,86.0
Flex 100K,ORB v1,6,4,85.0,-50.0,0.46,0.96,277.0,-31.0,0.2,0.4,85.0
Flex 150K,ORB v1,6,2,84.0,-12.0,0.13,0.41,98.0,54.0,0.0,1.1,84.0
Flex 100K,ORB v1,4,4,82.0,-40.0,0.49,0.91,281.0,-31.0,0.2,0.5,82.0
Flex 150K,ORB v1,4,4,78.0,-24.0,0.44,0.48,82.0,-13.0,0.3,0.4,78.0
Flex 50K,ORB v1,3,2,77.0,-20.0,0.33,0.58,103.0,32.0,0.1,1.2,77.0
Flex 50K,ORB v1,2,2,75.0,-20.0,0.35,0.6,100.0,40.0,0.1,1.2,75.0
Flex 50K,ORB v1,4,2,74.0,-20.0,0.33,0.61,105.0,38.0,0.0,1.2,74.0
Flex 50K,ORB v1,3,4,73.0,-27.0,0.52,0.96,227.0,-27.0,0.2,0.4,73.0
Flex 100K,ORB v1,3,3,71.0,-22.0,0.46,0.54,73.0,-30.0,0.5,1.0,71.0
Flex 50K,ORB v1,3,3,69.0,-27.0,0.48,0.96,220.0,-27.0,0.2,0.4,69.0
Flex 50K,ORB v1,6,2,69.0,-27.0,0.31,0.7,101.0,31.0,0.0,1.2,69.0
Flex 50K,ORB v1,4,3,68.0,-29.0,0.46,0.98,218.0,-21.0,0.2,0.3,68.0
Flex 50K,ORB v1,4,4,66.0,-35.0,0.53,1.01,225.0,-21.0,0.2,0.3,66.0
Flex 50K,ORB v1,2,4,65.0,-27.0,0.56,0.99,214.0,-20.0,0.3,0.5,65.0
Flex 50K,ORB v1,2,3,65.0,-20.0,0.52,0.95,207.0,-20.0,0.3,0.5,65.0
Flex 50K,ORB v1,6,3,64.0,-42.0,0.44,1.05,216.0,-21.0,0.2,0.3,64.0
Flex 50K,ORB v1,6,4,62.0,-48.0,0.51,1.07,219.0,-41.0,0.2,0.4,62.0
Flex 150K,ORB v1,4,3,70.0,-12.0,0.35,0.37,60.0,-12.0,0.3,0.3,60.0
Flex 100K,ORB v1,3,2,66.0,-20.0,0.32,0.26,56.0,-11.0,0.4,0.5,56.0
Flex 50K,ORB v1,3,6,53.0,-34.0,0.65,1.16,227.0,-28.0,0.2,0.3,53.0
Flex 100K,ORB v1,3,6,49.0,-30.0,0.71,0.67,188.0,-30.0,0.5,0.7,49.0
Flex 100K,ORB v1,3,4,49.0,-30.0,0.68,0.66,77.0,-30.0,0.5,1.1,49.0
Flex 50K,ORB v1,6,6,47.0,-54.0,0.61,1.27,236.0,-29.0,0.2,0.3,47.0
Flex 150K,ORB v1,4,6,46.0,-37.0,0.71,0.61,103.0,-24.0,0.6,0.6,46.0
Flex 150K,v1 + v3,3,2,278.0,-39.0,0.23,0.58,44.0,-26.0,0.2,0.9,44.0
Flex 150K,v1 + v3,4,2,287.0,-49.0,0.27,0.6,44.0,-26.0,0.2,0.9,44.0
Flex 150K,ORB v1,4,2,44.0,-12.0,0.4,0.3,68.0,-12.0,0.4,0.1,44.0
Flex 50K,ORB v1,3,1,42.0,-14.0,0.21,0.34,37.0,23.0,0.1,0.9,37.0
Flex 150K,v1 + v3,6,2,271.0,-61.0,0.27,0.65,36.0,-26.0,0.2,0.9,36.0
Flex 150K,ORB v1,6,1,35.0,-24.0,0.26,0.22,40.0,30.0,0.1,0.7,35.0
Flex 50K,ORB v1,4,6,34.0,-48.0,0.71,1.35,237.0,-35.0,0.2,0.4,34.0
Flex 50K,ORB v1,4,1,42.0,-14.0,0.2,0.32,33.0,23.0,0.1,0.9,33.0
Flex 25K,ORB v1,2,1,37.0,-15.0,0.36,0.61,33.0,-15.0,0.2,1.1,33.0
Flex 50K,ORB v1,2,1,44.0,-8.0,0.22,0.33,33.0,-7.0,0.2,0.8,33.0
Flex 25K,ORB v1,1,1,38.0,-15.0,0.38,0.6,31.0,-15.0,0.3,1.0,31.0
Flex 25K,ORB v1,3,1,33.0,-25.0,0.35,0.69,31.0,-15.0,0.2,1.1,31.0
Flex 50K,ORB v1,6,1,39.0,-14.0,0.18,0.35,30.0,17.0,0.1,0.9,30.0
Flex 25K,ORB v1,4,1,34.0,-25.0,0.32,0.68,29.0,-15.0,0.2,1.1,29.0
Flex 25K,ORB v1,1,2,29.0,-20.0,0.56,0.96,104.0,-15.0,0.3,0.5,29.0
Flex 100K,ORB v1,4,1,38.0,-20.0,0.25,0.26,29.0,17.0,0.1,0.9,29.0
Flex 25K,ORB v1,2,2,27.0,-26.0,0.53,0.99,108.0,-20.0,0.2,0.3,27.0
Flex 150K,ORB v1,3,4,26.0,-24.0,0.76,0.18,36.0,-13.0,0.5,0.5,26.0
Flex 25K,ORB v1,6,1,25.0,-35.0,0.36,0.72,26.0,-16.0,0.2,1.1,25.0
Flex 150K,v1 + v3,2,1,192.0,-24.0,0.19,0.33,24.0,-13.0,0.5,0.5,24.0
Flex 100K,ORB v1,6,1,36.0,-20.0,0.22,0.29,24.0,15.0,0.1,0.9,24.0
Flex 100K,ORB v1,3,1,27.0,-20.0,0.38,0.24,23.0,-11.0,0.4,0.5,23.0
Flex 25K,ORB v1,3,2,22.0,-35.0,0.51,1.05,106.0,-26.0,0.2,0.3,22.0
Flex 25K,ORB v1,4,2,22.0,-45.0,0.49,1.1,100.0,-41.0,0.2,0.5,22.0
Flex 50K,v1 + v3,2,1,166.0,-34.0,0.28,0.6,19.0,-14.0,0.2,0.9,19.0
Flex 50K,ORB v1,2,6,19.0,-27.0,0.83,1.35,228.0,-28.0,0.2,0.4,19.0
Flex 150K,ORB v1,3,3,24.0,-12.0,0.69,0.08,15.0,-12.0,0.5,0.5,15.0
Flex 50K,v1 + v3,1,1,159.0,-20.0,0.27,0.57,15.0,-14.0,0.4,0.9,15.0
Flex 150K,ORB v1,4,1,15.0,-24.0,0.45,0.2,19.0,-12.0,0.5,0.1,15.0
Flex 150K,ORB v1,3,2,14.0,-12.0,0.7,0.05,36.0,-12.0,0.5,0.1,14.0
Flex 100K,ORB v1,2,2,14.0,-10.0,0.7,0.08,38.0,-10.0,0.5,0.1,14.0
Flex 25K,ORB v1,3,3,12.0,-45.0,0.63,1.3,113.0,-26.0,0.2,0.3,12.0
Flex 25K,ORB v1,4,3,12.0,-50.0,0.6,1.22,105.0,-51.0,0.2,0.5,12.0
Flex 25K,ORB v1,3,4,12.0,-45.0,0.63,1.26,110.0,-33.0,0.2,0.4,12.0
Flex 25K,ORB v1,2,4,11.0,-30.0,0.7,1.31,114.0,-22.0,0.2,0.4,11.0
Flex 25K,ORB v1,6,2,11.0,-61.0,0.47,1.17,94.0,-56.0,0.2,0.5,11.0
Flex 25K,ORB v1,2,3,10.0,-31.0,0.71,1.35,116.0,-20.0,0.2,0.3,10.0
Flex 100K,v1 + v3,2,1,185.0,-30.0,0.23,0.4,9.0,-20.0,0.2,0.9,9.0
Flex 50K,v1 + v3,3,1,152.0,-42.0,0.29,0.66,9.0,-15.0,0.2,0.9,9.0
Flex 25K,ORB v1,4,4,9.0,-51.0,0.63,1.32,104.0,-52.0,0.2,0.5,9.0
Flex 100K,v1 + v3,3,1,198.0,-40.0,0.23,0.38,8.0,-20.0,0.2,0.9,8.0
Flex 50K,ORB v1,1,1,6.0,-7.0,0.75,0.03,14.0,-7.0,0.5,0.5,6.0
Flex 25K,ORB v1,1,4,5.0,-20.0,0.84,1.35,112.0,-20.0,0.2,0.3,5.0
Flex 25K,ORB v1,1,3,5.0,-20.0,0.83,1.37,111.0,-20.0,0.2,0.4,5.0
Flex 100K,ORB v1,2,1,3.0,-10.0,0.75,0.03,9.0,-10.0,0.5,0.5,3.0
Flex 100K,v1 + v3,4,1,197.0,-50.0,0.24,0.38,2.0,-20.0,0.4,0.9,2.0
Flex 150K,v1 + v3,4,1,214.0,-24.0,0.16,0.36,2.0,-13.0,0.3,0.8,2.0
Flex 150K,v1 + v3,3,1,193.0,-25.0,0.18,0.39,2.0,-13.0,0.3,0.8,2.0
Flex 25K,ORB v1,6,4,-0.0,-66.0,0.6,1.25,98.0,-72.0,0.2,0.5,-0.0
Flex 50K,v1 + v3,4,1,144.0,-48.0,0.3,0.69,-0.0,-15.0,0.5,0.9,-0.0
Flex 150K,ORB v1,3,1,0.0,-12.0,0.75,0.03,6.0,-12.0,0.5,0.4,0.0
Flex 25K,ORB v1,6,3,-1.0,-70.0,0.61,1.31,100.0,-66.0,0.2,0.5,-1.0
Flex 150K,v1 + v3,6,1,203.0,-39.0,0.21,0.38,-6.0,-25.0,0.6,0.8,-6.0
Flex 50K,v1 + v3,6,1,142.0,-61.0,0.31,0.64,-8.0,-29.0,0.7,0.9,-8.0
Flex 50K,Ensemble v3,1,1,142.0,-20.0,0.34,0.36,-9.0,-14.0,1.0,0.1,-9.0
Flex 50K,Ensemble v3,1,2,165.0,-22.0,0.44,0.63,-9.0,-14.0,1.0,0.1,-9.0
Flex 100K,ORB v1,1,1,-10.0,-10.0,1.0,0.0,-10.0,-10.0,1.0,0.0,-10.0
Flex 50K,Ensemble v3,1,3,164.0,-27.0,0.58,0.72,-10.0,-14.0,1.0,0.1,-10.0
Flex 50K,Ensemble v3,1,4,146.0,-27.0,0.61,0.77,-10.0,-14.0,1.0,0.1,-10.0
Flex 100K,ORB v1,1,2,-10.0,-10.0,1.0,0.0,-10.0,-10.0,1.0,0.0,-10.0
Flex 100K,ORB v1,1,4,-10.0,-10.0,1.0,0.0,-10.0,-10.0,1.0,0.0,-10.0
Flex 100K,ORB v1,1,6,-10.0,-10.0,1.0,0.0,-10.0,-10.0,1.0,0.0,-10.0
Flex 50K,Ensemble v3,1,6,129.0,-27.0,0.64,0.85,-10.0,-14.0,1.0,0.1,-10.0
Flex 100K,ORB v1,1,3,-10.0,-10.0,1.0,0.0,-10.0,-10.0,1.0,0.0,-10.0
Flex 150K,ORB v1,2,3,-11.0,-12.0,0.98,0.01,-12.0,-12.0,1.0,0.0,-12.0
Flex 150K,ORB v1,1,3,-12.0,-12.0,1.0,0.0,-12.0,-12.0,1.0,0.0,-12.0
Flex 150K,ORB v1,2,4,-12.0,-12.0,0.99,0.08,-12.0,-12.0,1.0,0.0,-12.0
Flex 150K,v1 + v3,1,1,65.0,-12.0,0.54,0.2,-12.0,-12.0,1.0,0.0,-12.0
Flex 100K,Ensemble v3,1,3,87.0,-20.0,0.72,0.43,-12.0,-20.0,1.0,0.0,-12.0
Flex 100K,Ensemble v3,1,1,73.0,-10.0,0.51,0.19,-12.0,-20.0,1.0,0.0,-12.0
Flex 150K,v1 + v3,1,2,93.0,-24.0,0.49,0.34,-12.0,-12.0,1.0,0.0,-12.0
Flex 150K,v1 + v3,1,4,85.0,-24.0,0.72,0.44,-12.0,-12.0,1.0,0.0,-12.0
Flex 150K,v1 + v3,1,6,80.0,-24.0,0.77,0.52,-12.0,-12.0,1.0,0.0,-12.0
Flex 150K,Ensemble v3,1,2,55.0,-12.0,0.71,0.08,-12.0,-12.0,1.0,0.0,-12.0
Flex 150K,Ensemble v3,1,4,61.0,-24.0,0.79,0.15,-12.0,-12.0,1.0,0.0,-12.0
Flex 150K,Ensemble v3,1,6,57.0,-24.0,0.81,0.19,-12.0,-12.0,1.0,0.0,-12.0
Flex 150K,ORB v1,2,2,-11.0,-12.0,0.98,0.01,-12.0,-12.0,1.0,0.0,-12.0
Flex 150K,ORB v1,2,1,-12.0,-12.0,0.99,0.0,-12.0,-12.0,1.0,0.0,-12.0
Flex 150K,ORB v1,1,6,-12.0,-12.0,1.0,0.0,-12.0,-12.0,1.0,0.0,-12.0
Flex 150K,ORB v1,1,1,-12.0,-12.0,1.0,0.0,-12.0,-12.0,1.0,0.0,-12.0
Flex 150K,ORB v1,1,4,-12.0,-12.0,1.0,0.0,-12.0,-12.0,1.0,0.0,-12.0
Flex 150K,ORB v1,1,2,-12.0,-12.0,1.0,0.0,-12.0,-12.0,1.0,0.0,-12.0
Flex 150K,Ensemble v3,1,3,59.0,-15.0,0.73,0.11,-12.0,-12.0,1.0,0.0,-12.0
Flex 100K,Ensemble v3,1,6,89.0,-22.0,0.77,0.51,-12.0,-20.0,1.0,0.0,-12.0
Flex 100K,Ensemble v3,1,4,102.0,-22.0,0.72,0.45,-12.0,-20.0,1.0,0.0,-12.0
Flex 150K,v1 + v3,1,3,83.0,-24.0,0.64,0.44,-12.0,-12.0,1.0,0.0,-12.0
Flex 100K,Ensemble v3,1,2,106.0,-20.0,0.57,0.35,-12.0,-20.0,1.0,0.0,-12.0
Flex 150K,Ensemble v3,1,1,15.0,-12.0,0.76,0.02,-12.0,-12.0,1.0,0.0,-12.0
Flex 150K,ORB v1,2,6,-11.0,-15.0,0.99,0.1,-13.0,-13.0,1.0,0.1,-13.0
Flex 50K,ORB v1,1,2,12.0,-14.0,0.78,0.22,-13.0,-14.0,1.0,0.9,-13.0
Flex 50K,ORB v1,1,3,7.0,-14.0,0.87,0.4,-13.0,-14.0,1.0,0.9,-13.0
Flex 50K,ORB v1,1,6,2.0,-14.0,0.92,0.45,-13.0,-14.0,1.0,0.9,-13.0
Flex 25K,ORB v1,1,6,-1.0,-20.0,0.87,1.53,-13.0,-25.0,0.9,2.2,-13.0
Flex 50K,ORB v1,1,4,7.0,-14.0,0.88,0.4,-13.0,-14.0,1.0,0.9,-13.0
Flex 25K,Ensemble v3,1,1,75.0,-25.0,0.43,0.85,-14.0,-16.0,1.0,0.0,-14.0
Flex 25K,Ensemble v3,1,3,31.0,-35.0,0.73,1.4,-14.0,-16.0,1.0,0.0,-14.0
Flex 25K,Ensemble v3,1,2,62.0,-30.0,0.59,1.0,-14.0,-16.0,1.0,0.0,-14.0
Flex 100K,v1 + v3,1,1,144.0,-20.0,0.34,0.33,-14.0,-20.0,1.0,0.4,-14.0
Flex 25K,Ensemble v3,1,4,23.0,-35.0,0.76,1.48,-14.0,-16.0,1.0,0.0,-14.0
Flex 150K,Ensemble v3,2,4,240.0,-37.0,0.41,0.43,-15.0,-24.0,1.0,0.0,-15.0
Flex 150K,Ensemble v3,2,6,186.0,-37.0,0.57,0.61,-15.0,-24.0,1.0,0.0,-15.0
Flex 150K,Ensemble v3,2,2,209.0,-24.0,0.35,0.34,-15.0,-24.0,1.0,0.0,-15.0
Flex 150K,Ensemble v3,2,3,217.0,-37.0,0.38,0.46,-15.0,-24.0,1.0,0.0,-15.0
Flex 150K,Ensemble v3,2,1,113.0,-24.0,0.35,0.21,-15.0,-24.0,1.0,0.0,-15.0
Flex 100K,v1 + v3,1,2,159.0,-30.0,0.45,0.65,-16.0,-20.0,1.0,0.6,-16.0
Flex 100K,v1 + v3,1,3,146.0,-30.0,0.58,0.69,-16.0,-20.0,1.0,0.6,-16.0
Flex 50K,Ensemble v3,2,1,153.0,-27.0,0.29,0.47,-17.0,-20.0,1.0,0.1,-17.0
Flex 50K,Ensemble v3,2,2,154.0,-34.0,0.39,0.87,-18.0,-20.0,1.0,0.1,-18.0
Flex 50K,Ensemble v3,2,3,160.0,-41.0,0.54,0.89,-18.0,-21.0,1.0,0.1,-18.0
Flex 50K,Ensemble v3,2,6,78.0,-41.0,0.73,1.37,-18.0,-21.0,1.0,0.1,-18.0
Flex 50K,Ensemble v3,2,4,138.0,-41.0,0.58,0.97,-18.0,-21.0,1.0,0.1,-18.0
Flex 100K,ORB v1,2,3,18.0,-20.0,0.78,0.22,-19.0,-20.0,1.0,0.9,-19.0
Flex 50K,v1 + v3,1,2,137.0,-27.0,0.55,0.99,-19.0,-20.0,1.0,0.9,-19.0
Flex 100K,ORB v1,2,4,8.0,-20.0,0.87,0.36,-19.0,-20.0,1.0,0.9,-19.0
Flex 50K,v1 + v3,1,3,143.0,-27.0,0.56,0.99,-19.0,-20.0,1.0,0.9,-19.0
Flex 100K,ORB v1,2,6,8.0,-20.0,0.88,0.4,-19.0,-20.0,1.0,0.9,-19.0
Flex 25K,v1 + v3,1,3,48.0,-35.0,0.59,1.21,-20.0,-30.0,1.0,0.9,-20.0
Flex 50K,v1 + v3,1,4,109.0,-34.0,0.61,1.15,-20.0,-20.0,1.0,0.9,-20.0
Flex 50K,v1 + v3,1,6,112.0,-34.0,0.62,1.19,-20.0,-20.0,1.0,0.9,-20.0
Flex 100K,v1 + v3,1,4,133.0,-30.0,0.61,0.74,-20.0,-30.0,1.0,0.6,-20.0
Flex 25K,v1 + v3,1,2,46.0,-31.0,0.59,1.19,-20.0,-26.0,1.0,0.9,-20.0
Flex 100K,v1 + v3,6,1,182.0,-60.0,0.28,0.44,-20.0,-46.0,0.8,0.9,-20.0
Flex 100K,v1 + v3,1,6,79.0,-30.0,0.73,0.97,-20.0,-30.0,1.0,0.6,-20.0
Flex 25K,v1 + v3,1,1,62.0,-30.0,0.49,1.01,-20.0,-26.0,1.0,0.9,-20.0
Flex 25K,Ensemble v3,2,1,65.0,-45.0,0.42,0.97,-20.0,-26.0,1.0,0.2,-20.0
Flex 25K,Ensemble v3,2,2,38.0,-50.0,0.65,1.23,-21.0,-30.0,1.0,0.2,-21.0
Flex 25K,Ensemble v3,2,3,28.0,-50.0,0.7,1.33,-21.0,-30.0,1.0,0.2,-21.0
Flex 25K,Ensemble v3,2,4,25.0,-50.0,0.72,1.39,-22.0,-35.0,1.0,0.2,-22.0
Flex 100K,Ensemble v3,2,1,156.0,-20.0,0.29,0.16,-22.0,-30.0,1.0,0.2,-22.0
Flex 50K,Ensemble v3,3,1,147.0,-35.0,0.26,0.44,-22.0,-28.0,1.0,0.2,-22.0
Flex 150K,v1 + v3,2,2,258.0,-27.0,0.28,0.55,-23.0,-24.0,1.0,0.8,-23.0
Flex 150K,ORB v1,3,6,11.0,-24.0,0.87,0.36,-23.0,-24.0,1.0,0.9,-23.0
Flex 50K,Ensemble v3,4,1,140.0,-42.0,0.26,0.54,-23.0,-35.0,1.0,0.1,-23.0
Flex 100K,Ensemble v3,2,2,232.0,-30.0,0.29,0.45,-23.0,-30.0,1.0,0.3,-23.0
Flex 150K,Ensemble v3,3,1,157.0,-24.0,0.32,0.16,-24.0,-37.0,1.0,0.0,-24.0
Flex 50K,v1 + v3,2,2,145.0,-41.0,0.49,0.99,-24.0,-28.0,1.0,0.9,-24.0
Flex 50K,Ensemble v3,3,2,159.0,-48.0,0.4,0.93,-24.0,-34.0,1.0,0.3,-24.0
Flex 25K,v1 + v3,1,4,33.0,-35.0,0.64,1.32,-24.0,-35.0,1.0,0.9,-24.0
Flex 100K,Ensemble v3,2,4,220.0,-40.0,0.47,0.65,-25.0,-31.0,1.0,0.3,-25.0
Flex 100K,Ensemble v3,3,1,163.0,-30.0,0.27,0.2,-25.0,-30.0,1.0,0.1,-25.0
Flex 50K,v1 + v3,2,3,153.0,-41.0,0.51,0.98,-25.0,-34.0,1.0,0.9,-25.0
Flex 50K,v1 + v3,2,4,112.0,-42.0,0.59,1.18,-25.0,-34.0,1.0,0.9,-25.0
Flex 100K,Ensemble v3,2,6,191.0,-40.0,0.58,0.75,-25.0,-31.0,1.0,0.3,-25.0
Flex 100K,Ensemble v3,2,3,206.0,-40.0,0.39,0.68,-25.0,-31.0,1.0,0.3,-25.0
Flex 150K,Ensemble v3,4,1,153.0,-27.0,0.31,0.2,-26.0,-37.0,1.0,0.0,-26.0
Flex 25K,v1 + v3,2,2,48.0,-55.0,0.52,1.2,-26.0,-40.0,1.0,0.9,-26.0
Flex 50K,Ensemble v3,4,2,142.0,-61.0,0.41,1.05,-26.0,-35.0,1.0,0.2,-26.0
Flex 25K,v1 + v3,2,1,54.0,-45.0,0.45,1.12,-26.0,-40.0,1.0,0.9,-26.0
Flex 50K,Ensemble v3,3,3,164.0,-48.0,0.56,0.9,-26.0,-35.0,1.0,0.3,-26.0
Flex 100K,Ensemble v3,3,3,201.0,-50.0,0.36,0.84,-26.0,-30.0,1.0,0.1,-26.0
Flex 50K,v1 + v3,2,6,117.0,-48.0,0.59,1.2,-26.0,-34.0,1.0,0.9,-26.0
Flex 100K,Ensemble v3,3,2,233.0,-40.0,0.27,0.58,-26.0,-30.0,1.0,0.1,-26.0
Flex 100K,Ensemble v3,3,6,179.0,-60.0,0.56,0.93,-27.0,-31.0,1.0,0.1,-27.0
Flex 100K,Ensemble v3,3,4,217.0,-50.0,0.44,0.82,-27.0,-31.0,1.0,0.1,-27.0
Flex 150K,Ensemble v3,3,2,267.0,-37.0,0.27,0.34,-27.0,-37.0,1.0,0.2,-27.0
Flex 50K,Ensemble v3,3,6,103.0,-54.0,0.68,1.19,-27.0,-35.0,1.0,0.3,-27.0
Flex 150K,Ensemble v3,4,2,264.0,-37.0,0.23,0.43,-27.0,-37.0,1.0,0.1,-27.0
Flex 50K,Ensemble v3,4,4,101.0,-68.0,0.64,1.23,-27.0,-41.0,1.0,0.2,-27.0
Flex 50K,Ensemble v3,4,3,152.0,-63.0,0.54,1.0,-27.0,-41.0,1.0,0.2,-27.0
Flex 50K,Ensemble v3,4,6,80.0,-68.0,0.7,1.33,-27.0,-41.0,1.0,0.2,-27.0
Flex 50K,Ensemble v3,3,4,117.0,-54.0,0.65,1.1,-27.0,-35.0,1.0,0.3,-27.0
Flex 150K,Ensemble v3,4,4,278.0,-49.0,0.32,0.72,-28.0,-37.0,1.0,0.1,-28.0
Flex 150K,Ensemble v3,4,6,254.0,-61.0,0.47,0.79,-28.0,-37.0,1.0,0.1,-28.0
Flex 150K,Ensemble v3,3,3,291.0,-37.0,0.28,0.48,-28.0,-37.0,1.0,0.3,-28.0
Flex 150K,Ensemble v3,4,3,279.0,-49.0,0.28,0.62,-28.0,-37.0,1.0,0.1,-28.0
Flex 25K,Ensemble v3,3,1,72.0,-55.0,0.36,0.95,-29.0,-45.0,1.0,0.4,-29.0
Flex 50K,v1 + v3,3,2,141.0,-54.0,0.43,1.0,-29.0,-41.0,1.0,0.9,-29.0
Flex 100K,Ensemble v3,4,1,154.0,-30.0,0.26,0.27,-29.0,-41.0,1.0,0.2,-29.0
Flex 50K,v1 + v3,3,4,112.0,-61.0,0.53,1.22,-30.0,-41.0,1.0,0.9,-30.0
Flex 25K,v1 + v3,2,3,48.0,-55.0,0.53,1.2,-30.0,-45.0,1.0,0.9,-30.0
Flex 25K,v1 + v3,2,4,39.0,-56.0,0.56,1.26,-30.0,-45.0,1.0,0.9,-30.0
Flex 50K,v1 + v3,3,3,152.0,-56.0,0.45,1.02,-30.0,-41.0,1.0,0.9,-30.0
Flex 150K,Ensemble v3,3,4,284.0,-49.0,0.35,0.61,-31.0,-38.0,1.0,0.3,-31.0
Flex 50K,Ensemble v3,6,1,144.0,-49.0,0.31,0.55,-31.0,-42.0,1.0,0.3,-31.0
Flex 150K,Ensemble v3,3,6,270.0,-49.0,0.47,0.65,-31.0,-38.0,1.0,0.3,-31.0
Flex 25K,v1 + v3,3,1,44.0,-60.0,0.49,1.07,-31.0,-46.0,1.0,0.9,-31.0
Flex 100K,Ensemble v3,4,2,241.0,-42.0,0.25,0.61,-32.0,-41.0,1.0,0.3,-32.0
Flex 150K,v1 + v3,2,4,222.0,-49.0,0.55,0.87,-32.0,-37.0,1.0,0.8,-32.0
Flex 150K,v1 + v3,2,6,235.0,-49.0,0.54,0.9,-32.0,-37.0,1.0,0.8,-32.0
Flex 150K,v1 + v3,2,3,257.0,-37.0,0.39,0.72,-32.0,-37.0,1.0,0.8,-32.0
Flex 100K,Ensemble v3,6,1,161.0,-40.0,0.27,0.26,-33.0,-51.0,1.0,0.1,-33.0
Flex 25K,Ensemble v3,3,2,42.0,-70.0,0.63,1.21,-33.0,-55.0,1.0,0.4,-33.0
Flex 150K,Ensemble v3,6,1,153.0,-37.0,0.32,0.26,-33.0,-50.0,1.0,0.0,-33.0
Flex 25K,ORB v1,2,6,3.0,-30.0,0.76,1.51,-33.0,-36.0,1.0,2.4,-33.0
Flex 25K,Ensemble v3,3,3,28.0,-66.0,0.69,1.33,-33.0,-55.0,1.0,0.4,-33.0
Flex 25K,v1 + v3,4,1,53.0,-55.0,0.47,1.01,-33.0,-51.0,1.0,0.9,-33.0
Flex 50K,v1 + v3,4,3,146.0,-68.0,0.43,0.99,-34.0,-54.0,1.0,0.9,-34.0
Flex 25K,Ensemble v3,4,1,69.0,-60.0,0.35,0.89,-34.0,-51.0,1.0,0.5,-34.0
Flex 50K,v1 + v3,4,2,134.0,-61.0,0.42,0.99,-34.0,-54.0,1.0,0.9,-34.0
Flex 100K,Ensemble v3,4,4,208.0,-70.0,0.45,0.92,-35.0,-50.0,1.0,0.3,-35.0
Flex 100K,v1 + v3,2,3,165.0,-50.0,0.55,1.02,-35.0,-41.0,1.0,0.9,-35.0
Flex 50K,v1 + v3,4,4,98.0,-69.0,0.54,1.22,-35.0,-54.0,1.0,0.9,-35.0
Flex 100K,Ensemble v3,4,3,205.0,-62.0,0.36,0.93,-35.0,-50.0,1.0,0.3,-35.0
Flex 50K,v1 + v3,3,6,117.0,-61.0,0.54,1.2,-35.0,-48.0,1.0,0.9,-35.0
Flex 25K,Ensemble v3,3,4,24.0,-70.0,0.7,1.38,-35.0,-60.0,1.0,0.4,-35.0
Flex 25K,v1 + v3,3,3,28.0,-70.0,0.58,1.3,-36.0,-55.0,1.0,0.9,-36.0
Flex 100K,v1 + v3,3,3,190.0,-60.0,0.49,0.95,-36.0,-41.0,1.0,0.9,-36.0
Flex 100K,v1 + v3,2,6,125.0,-50.0,0.63,1.18,-36.0,-41.0,1.0,0.9,-36.0
Flex 100K,v1 + v3,2,4,174.0,-50.0,0.55,1.01,-36.0,-41.0,1.0,0.9,-36.0
Flex 100K,v1 + v3,2,2,204.0,-40.0,0.31,0.83,-36.0,-50.0,1.0,0.9,-36.0
Flex 100K,Ensemble v3,6,2,219.0,-72.0,0.3,0.71,-36.0,-51.0,1.0,0.2,-36.0
Flex 25K,v1 + v3,3,2,28.0,-70.0,0.56,1.28,-36.0,-50.0,1.0,0.9,-36.0
Flex 100K,Ensemble v3,4,6,151.0,-80.0,0.64,1.1,-37.0,-51.0,1.0,0.3,-37.0
Flex 100K,v1 + v3,3,6,134.0,-62.0,0.59,1.17,-37.0,-50.0,1.0,0.9,-37.0
Flex 100K,v1 + v3,3,4,182.0,-60.0,0.54,0.99,-37.0,-50.0,1.0,0.9,-37.0
Flex 100K,v1 + v3,3,2,222.0,-50.0,0.29,0.77,-37.0,-50.0,1.0,0.9,-37.0
Flex 25K,v1 + v3,4,2,54.0,-70.0,0.41,1.06,-38.0,-60.0,1.0,0.9,-38.0
Flex 150K,Ensemble v3,6,2,269.0,-37.0,0.22,0.51,-38.0,-50.0,1.0,0.2,-38.0
Flex 100K,Ensemble v3,6,3,176.0,-90.0,0.39,1.04,-38.0,-51.0,1.0,0.2,-38.0
Flex 25K,Ensemble v3,4,2,38.0,-75.0,0.63,1.16,-38.0,-61.0,1.0,0.5,-38.0
Flex 150K,Ensemble v3,6,3,315.0,-49.0,0.23,0.67,-39.0,-50.0,1.0,0.3,-39.0
Flex 50K,Ensemble v3,6,2,157.0,-69.0,0.39,1.05,-39.0,-61.0,1.0,0.4,-39.0
Flex 25K,v1 + v3,3,4,20.0,-71.0,0.6,1.36,-40.0,-56.0,1.0,0.9,-40.0
Flex 50K,v1 + v3,4,6,104.0,-75.0,0.55,1.23,-40.0,-61.0,1.0,0.9,-40.0
Flex 100K,Ensemble v3,6,6,124.0,-100.0,0.64,1.21,-40.0,-60.0,1.0,0.2,-40.0
Flex 25K,Ensemble v3,4,4,18.0,-75.0,0.7,1.35,-40.0,-66.0,1.0,0.5,-40.0
Flex 25K,Ensemble v3,4,3,22.0,-75.0,0.69,1.29,-40.0,-66.0,1.0,0.5,-40.0
Flex 100K,Ensemble v3,6,4,195.0,-90.0,0.46,0.94,-40.0,-60.0,1.0,0.2,-40.0
Flex 50K,Ensemble v3,6,3,157.0,-82.0,0.52,1.03,-41.0,-68.0,1.0,0.4,-41.0
Flex 25K,v1 + v3,4,3,57.0,-70.0,0.41,1.06,-42.0,-66.0,1.0,0.9,-42.0
Flex 25K,v1 + v3,4,4,25.0,-75.0,0.54,1.27,-42.0,-66.0,1.0,0.9,-42.0
Flex 50K,v1 + v3,6,2,119.0,-82.0,0.46,1.08,-42.0,-62.0,1.0,0.9,-42.0
Flex 100K,v1 + v3,4,6,127.0,-80.0,0.56,1.25,-43.0,-60.0,1.0,0.9,-43.0
Flex 100K,v1 + v3,4,3,181.0,-70.0,0.46,1.01,-43.0,-60.0,1.0,0.9,-43.0
Flex 100K,v1 + v3,4,2,216.0,-60.0,0.26,0.79,-43.0,-61.0,1.0,0.9,-43.0
Flex 150K,Ensemble v3,6,6,257.0,-86.0,0.44,0.89,-43.0,-61.0,1.0,0.3,-43.0
Flex 100K,v1 + v3,4,4,188.0,-70.0,0.45,1.0,-43.0,-60.0,1.0,0.9,-43.0
Flex 150K,Ensemble v3,6,4,302.0,-74.0,0.31,0.8,-43.0,-61.0,1.0,0.3,-43.0
Flex 150K,v1 + v3,4,6,288.0,-74.0,0.42,0.83,-44.0,-50.0,1.0,0.9,-44.0
Flex 150K,v1 + v3,3,4,204.0,-61.0,0.55,1.02,-44.0,-61.0,1.0,0.9,-44.0
Flex 150K,v1 + v3,3,3,282.0,-49.0,0.3,0.82,-44.0,-61.0,1.0,0.9,-44.0
Flex 150K,v1 + v3,3,6,216.0,-61.0,0.55,1.01,-44.0,-50.0,1.0,0.9,-44.0
Flex 150K,v1 + v3,4,3,298.0,-61.0,0.29,0.74,-44.0,-61.0,1.0,0.9,-44.0
Flex 50K,Ensemble v3,6,4,114.0,-90.0,0.62,1.21,-44.0,-75.0,1.0,0.4,-44.0
Flex 50K,Ensemble v3,6,6,88.0,-90.0,0.68,1.34,-44.0,-75.0,1.0,0.4,-44.0
Flex 150K,v1 + v3,4,4,265.0,-61.0,0.44,0.87,-45.0,-61.0,1.0,0.9,-45.0
Flex 25K,ORB v1,3,6,2.0,-50.0,0.7,1.47,-48.0,-60.0,1.0,2.8,-48.0
Flex 50K,v1 + v3,6,3,126.0,-95.0,0.48,1.1,-48.0,-69.0,1.0,0.9,-48.0
Flex 50K,v1 + v3,6,4,91.0,-95.0,0.56,1.28,-48.0,-69.0,1.0,0.9,-48.0
Flex 50K,v1 + v3,6,6,93.0,-95.0,0.58,1.3,-49.0,-75.0,1.0,0.9,-49.0
Flex 100K,v1 + v3,6,4,176.0,-100.0,0.43,0.99,-50.0,-80.0,1.0,0.9,-50.0
Flex 100K,v1 + v3,6,3,175.0,-90.0,0.42,0.96,-50.0,-80.0,1.0,0.9,-50.0
Flex 100K,v1 + v3,6,6,114.0,-102.0,0.54,1.22,-51.0,-80.0,1.0,0.9,-51.0
Flex 150K,v1 + v3,6,3,298.0,-74.0,0.24,0.78,-53.0,-75.0,1.0,0.9,-53.0
Flex 150K,v1 + v3,6,6,238.0,-86.0,0.43,1.0,-53.0,-74.0,1.0,0.9,-53.0
Flex 150K,v1 + v3,6,4,224.0,-86.0,0.46,1.0,-54.0,-75.0,1.0,0.9,-54.0
Flex 25K,ORB v1,4,6,-2.0,-55.0,0.7,1.49,-56.0,-70.0,1.0,2.9,-56.0
Flex 100K,v1 + v3,6,2,223.0,-70.0,0.28,0.73,-57.0,-90.0,1.0,0.9,-57.0
Flex 25K,ORB v1,6,6,-17.0,-81.0,0.7,1.61,-74.0,-90.0,1.0,2.9,-74.0
